,Towing_speed,Delta_T,Catch_weight,Air_exposure,Vitality_class,Tow_duration,Fishing_ground,Survivability_days
1,7,6.1,Medium_High,20,B,48,CFM,NA
2,7,6.1,Medium_High,20,B,48,CFM,NA
3,7,6.1,Medium_High,20,Dead,48,CFM,NA
4,7,6.1,Medium_High,20,Dead,48,CFM,NA
5,7,6.1,Medium_High,20,Dead,48,CFM,NA
6,7,6.1,Medium_High,20,C,48,CFM,NA
7,7,6.1,Medium_High,20,B,48,CFM,NA
8,7,6.1,Medium_High,20,C,48,CFM,NA
9,7,6.1,Medium_High,20,C,48,CFM,NA
10,7,6.1,Medium_High,20,C,48,CFM,NA
11,7,6.1,Medium_High,20,B,48,CFM,NA
12,7,6.1,Medium_High,20,Dead,48,CFM,NA
13,7,6.1,Medium_High,20,C,48,CFM,NA
14,7,6.1,Medium_High,20,Dead,48,CFM,NA
15,7,6.1,Medium_High,20,Dead,48,CFM,NA
16,7,6.1,Medium_High,20,B,48,CFM,NA
17,7,6.1,Medium_High,20,C,48,CFM,NA
18,7,6.1,Medium_High,20,Dead,48,CFM,NA
19,7,6.1,Medium_High,20,A,48,CFM,NA
20,7,6.1,Medium_High,20,B,48,CFM,NA
21,6.9,6.26,Medium_Low,31,A,38,CFM,NA
22,6.9,6.26,Medium_Low,31,Dead,38,CFM,NA
23,6.9,6.26,Medium_Low,31,Dead,38,CFM,NA
24,6.9,6.26,Medium_Low,31,A,38,CFM,NA
25,6.9,6.26,Medium_Low,31,Dead,38,CFM,NA
26,6.9,6.26,Medium_Low,31,Dead,38,CFM,NA
27,6.9,6.26,Medium_Low,31,C,38,CFM,NA
28,6.9,6.26,Medium_Low,31,Dead,38,CFM,NA
29,6.9,6.26,Medium_Low,31,B,38,CFM,NA
30,6.9,6.26,Medium_Low,31,B,38,CFM,NA
31,6.9,6.26,Medium_Low,31,C,38,CFM,NA
32,6.9,6.26,Medium_Low,31,Dead,38,CFM,NA
33,6.9,6.26,Medium_Low,31,Dead,38,CFM,NA
34,6.9,6.26,Medium_Low,31,B,38,CFM,NA
35,6.9,6.26,Medium_Low,31,Dead,38,CFM,NA
36,6.9,6.26,Medium_Low,31,Dead,38,CFM,NA
37,6.9,6.26,Medium_Low,31,B,38,CFM,NA
38,6.9,6.26,Medium_Low,31,A,38,CFM,NA
39,6.9,6.26,Medium_Low,31,A,38,CFM,NA
40,6.9,6.26,Medium_Low,31,C,38,CFM,NA
41,7.1,-5.92,Medium_High,36,Dead,48,CFM,NA
42,7.1,-5.92,Medium_High,36,Dead,48,CFM,NA
43,7.1,-5.92,Medium_High,36,Dead,48,CFM,NA
44,7.1,-5.92,Medium_High,36,A,48,CFM,NA
45,7.1,-5.92,Medium_High,36,Dead,48,CFM,NA
46,7.1,-5.92,Medium_High,36,Dead,48,CFM,NA
47,7.1,-5.92,Medium_High,36,C,48,CFM,NA
48,7.1,-5.92,Medium_High,36,C,48,CFM,NA
49,7.1,-5.92,Medium_High,36,C,48,CFM,NA
50,7.1,-5.92,Medium_High,36,B,48,CFM,NA
51,7.1,-5.92,Medium_High,36,A,48,CFM,NA
52,7.1,-5.92,Medium_High,36,Dead,48,CFM,NA
53,7.1,-5.92,Medium_High,36,C,48,CFM,NA
54,7.1,-5.92,Medium_High,36,C,48,CFM,NA
55,7.1,-5.92,Medium_High,36,A,48,CFM,NA
56,7.1,-5.92,Medium_High,36,A,48,CFM,NA
57,7.1,-5.92,Medium_High,36,A,48,CFM,NA
58,7.1,-5.92,Medium_High,36,Dead,48,CFM,NA
59,7.1,-5.92,Medium_High,36,C,48,CFM,NA
60,7.1,-5.92,Medium_High,36,A,48,CFM,NA
61,7.1,-5.92,Medium_High,36,A,48,CFM,NA
62,7,-5.33,Medium_Low,39,C,53,CSM,NA
63,7,-5.33,Medium_Low,39,C,53,CSM,NA
64,7,-5.33,Medium_Low,39,Dead,53,CSM,NA
65,7,-5.33,Medium_Low,39,Dead,53,CSM,NA
66,7,-5.33,Medium_Low,39,Dead,53,CSM,NA
67,7,-5.33,Medium_Low,39,Dead,53,CSM,NA
68,7,-5.33,Medium_Low,39,C,53,CSM,NA
69,7,-5.33,Medium_Low,39,B,53,CSM,NA
70,7,-5.33,Medium_Low,39,Dead,53,CSM,NA
71,7,-5.33,Medium_Low,39,C,53,CSM,NA
72,7,-5.33,Medium_Low,39,Dead,53,CSM,NA
73,7,-5.33,Medium_Low,39,Dead,53,CSM,NA
74,7,-5.33,Medium_Low,39,Dead,53,CSM,NA
75,7,-5.33,Medium_Low,39,Dead,53,CSM,NA
76,7,-5.33,Medium_Low,39,Dead,53,CSM,NA
77,7,-5.33,Medium_Low,39,C,53,CSM,NA
78,7,-5.33,Medium_Low,39,A,53,CSM,NA
79,7,-5.33,Medium_Low,39,Dead,53,CSM,NA
80,7,-5.33,Medium_Low,39,Dead,53,CSM,NA
81,7,-5.33,Medium_Low,39,Dead,53,CSM,NA
82,7,-2.58,Medium_High,32,Dead,59,CSM,NA
83,7,-2.58,Medium_High,32,A,59,CSM,NA
84,7,-2.58,Medium_High,32,B,59,CSM,NA
85,7,-2.58,Medium_High,32,C,59,CSM,NA
86,7,-2.58,Medium_High,32,Dead,59,CSM,NA
87,7,-2.58,Medium_High,32,C,59,CSM,NA
88,7,-2.58,Medium_High,32,C,59,CSM,NA
89,7,-2.58,Medium_High,32,A,59,CSM,NA
90,7,-2.58,Medium_High,32,A,59,CSM,NA
91,7,-2.58,Medium_High,32,Dead,59,CSM,NA
92,7,-2.58,Medium_High,32,B,59,CSM,NA
93,7,-2.58,Medium_High,32,C,59,CSM,NA
94,7,-2.58,Medium_High,32,Dead,59,CSM,NA
95,7,-2.58,Medium_High,32,C,59,CSM,NA
96,7,-2.58,Medium_High,32,B,59,CSM,NA
97,7,-2.58,Medium_High,32,Dead,59,CSM,NA
98,7,-2.58,Medium_High,32,A,59,CSM,NA
99,7,-2.58,Medium_High,32,Dead,59,CSM,NA
100,7,-2.58,Medium_High,32,Dead,59,CSM,NA
101,7,-1.9,Medium_High,33,C,46,CSM,NA
102,7,-1.9,Medium_High,33,Dead,46,CSM,NA
103,7,-1.9,Medium_High,33,Dead,46,CSM,NA
104,7,-1.9,Medium_High,33,Dead,46,CSM,NA
105,7,-1.9,Medium_High,33,Dead,46,CSM,NA
106,7,-1.9,Medium_High,33,B,46,CSM,NA
107,7,-1.9,Medium_High,33,Dead,46,CSM,NA
108,7,-1.9,Medium_High,33,Dead,46,CSM,NA
109,7,-1.9,Medium_High,33,Dead,46,CSM,NA
110,7,-1.9,Medium_High,33,Dead,46,CSM,NA
111,7,-1.9,Medium_High,33,Dead,46,CSM,NA
112,7,-1.9,Medium_High,33,Dead,46,CSM,NA
113,7,-1.9,Medium_High,33,Dead,46,CSM,NA
114,7,-1.9,Medium_High,33,Dead,46,CSM,NA
115,7,-1.9,Medium_High,33,Dead,46,CSM,NA
116,7,-1.9,Medium_High,33,Dead,46,CSM,NA
117,7,-1.9,Medium_High,33,Dead,46,CSM,NA
118,7,-1.9,Medium_High,33,Dead,46,CSM,NA
119,7,-1.9,Medium_High,33,C,46,CSM,NA
120,7,-1.9,Medium_High,33,Dead,46,CSM,NA
121,7,-1.91,High,67,Dead,51,CSM,NA
122,7,-1.91,High,67,Dead,51,CSM,NA
123,7,-1.91,High,67,Dead,51,CSM,NA
124,7,-1.91,High,67,Dead,51,CSM,NA
125,7,-1.91,High,67,Dead,51,CSM,NA
126,7,-1.91,High,67,C,51,CSM,NA
127,7,-1.91,High,67,Dead,51,CSM,NA
128,7,-1.91,High,67,Dead,51,CSM,NA
129,7,-1.91,High,67,C,51,CSM,NA
130,7,-1.91,High,67,Dead,51,CSM,NA
131,7,-1.91,High,67,C,51,CSM,NA
132,7,-1.91,High,67,Dead,51,CSM,NA
133,7,-1.91,High,67,Dead,51,CSM,NA
134,7,-1.91,High,67,Dead,51,CSM,NA
135,7,-1.91,High,67,Dead,51,CSM,NA
136,7,-1.91,High,67,Dead,51,CSM,NA
137,7,-1.91,High,67,Dead,51,CSM,NA
138,7,-1.91,High,67,Dead,51,CSM,NA
139,7,-1.91,High,67,Dead,51,CSM,NA
140,7,-1.91,High,67,Dead,51,CSM,NA
141,7,-1.91,High,67,Dead,51,CSM,NA
142,7,-6.41,Medium_Low,38,C,66,CSM,NA
143,7,-6.41,Medium_Low,38,Dead,66,CSM,NA
144,7,-6.41,Medium_Low,38,Dead,66,CSM,NA
145,7,-6.41,Medium_Low,38,C,66,CSM,NA
146,7,-6.41,Medium_Low,38,Dead,66,CSM,NA
147,7,-6.41,Medium_Low,38,Dead,66,CSM,NA
148,7,-6.41,Medium_Low,38,Dead,66,CSM,NA
149,7,-6.41,Medium_Low,38,B,66,CSM,NA
150,7,-6.41,Medium_Low,38,Dead,66,CSM,NA
151,7,-6.41,Medium_Low,38,Dead,66,CSM,NA
152,7,-6.41,Medium_Low,38,Dead,66,CSM,NA
153,7,-6.41,Medium_Low,38,Dead,66,CSM,NA
154,7,-6.41,Medium_Low,38,Dead,66,CSM,NA
155,7,-6.41,Medium_Low,38,Dead,66,CSM,NA
156,7,-6.41,Medium_Low,38,B,66,CSM,NA
157,7,-6.41,Medium_Low,38,Dead,66,CSM,NA
158,7,-6.41,Medium_Low,38,Dead,66,CSM,NA
159,7,-6.41,Medium_Low,38,Dead,66,CSM,NA
160,7,-6.41,Medium_Low,38,A,66,CSM,NA
161,7,-6.41,Medium_Low,38,Dead,66,CSM,NA
162,7,-5.02,Medium_Low,22,Dead,57,CSM,NA
163,7,-5.02,Medium_Low,22,Dead,57,CSM,NA
164,7,-5.02,Medium_Low,22,Dead,57,CSM,NA
165,7,-5.02,Medium_Low,22,Dead,57,CSM,NA
166,7,-5.02,Medium_Low,22,Dead,57,CSM,NA
167,7,-5.02,Medium_Low,22,Dead,57,CSM,NA
168,7,-5.02,Medium_Low,22,Dead,57,CSM,NA
169,7,-5.02,Medium_Low,22,Dead,57,CSM,NA
170,7,-5.02,Medium_Low,22,Dead,57,CSM,NA
171,7,-5.02,Medium_Low,22,Dead,57,CSM,NA
172,7,-5.02,Medium_Low,22,C,57,CSM,NA
173,7,-5.02,Medium_Low,22,C,57,CSM,NA
174,7,-5.02,Medium_Low,22,Dead,57,CSM,NA
175,7,-5.02,Medium_Low,22,B,57,CSM,NA
176,7,-5.02,Medium_Low,22,Dead,57,CSM,NA
177,7,-5.02,Medium_Low,22,B,57,CSM,NA
178,7,-5.02,Medium_Low,22,Dead,57,CSM,NA
179,7,-5.02,Medium_Low,22,Dead,57,CSM,NA
180,7,-5.02,Medium_Low,22,Dead,57,CSM,NA
181,7,-5.02,Medium_Low,22,Dead,57,CSM,NA
182,7,-5.02,Medium_Low,22,C,57,CSM,NA
183,7,-1.76,Medium_High,64,Dead,52,CSM,NA
184,7,-1.76,Medium_High,64,Dead,52,CSM,NA
185,7,-1.76,Medium_High,64,Dead,52,CSM,NA
186,7,-1.76,Medium_High,64,Dead,52,CSM,NA
187,7,-1.76,Medium_High,64,Dead,52,CSM,NA
188,7,-1.76,Medium_High,64,Dead,52,CSM,NA
189,7,-1.76,Medium_High,64,Dead,52,CSM,NA
190,7,-1.76,Medium_High,64,Dead,52,CSM,NA
191,7,-1.76,Medium_High,64,Dead,52,CSM,NA
192,7,-1.76,Medium_High,64,Dead,52,CSM,NA
193,7,-1.76,Medium_High,64,Dead,52,CSM,NA
194,7,-1.76,Medium_High,64,Dead,52,CSM,NA
195,7,-1.76,Medium_High,64,Dead,52,CSM,NA
196,7,-1.76,Medium_High,64,Dead,52,CSM,NA
197,7,-1.76,Medium_High,64,Dead,52,CSM,NA
198,7,-1.76,Medium_High,64,Dead,52,CSM,NA
199,7,-1.76,Medium_High,64,Dead,52,CSM,NA
200,7,-1.76,Medium_High,64,Dead,52,CSM,NA
201,7,-1.76,Medium_High,64,Dead,52,CSM,NA
202,7,-1.76,Medium_High,64,Dead,52,CSM,NA
203,7,-1.76,Medium_High,64,Dead,52,CSM,NA
204,7,-1.76,Medium_High,64,Dead,52,CSM,NA
205,7,-1.76,Medium_High,64,Dead,52,CSM,NA
206,7,-1.76,Medium_High,64,Dead,52,CSM,NA
207,6.9,1.33813,High,10,Dead,33,CSM,NA
208,6.9,1.33813,High,10,C,33,CSM,NA
209,6.9,1.33813,High,32,Dead,33,CSM,NA
210,6.9,1.33813,High,32,Dead,33,CSM,NA
211,6.9,1.33813,High,32,Dead,33,CSM,NA
212,6.9,1.33813,High,32,C,33,CSM,1.5
213,6.9,1.33813,High,32,Dead,33,CSM,NA
214,6.9,1.33813,High,32,Dead,33,CSM,NA
215,6.9,1.33813,High,32,Dead,33,CSM,NA
216,7,1.85091,High,10,C,30,CSM,5
217,7,1.85091,High,10,Dead,30,CSM,NA
218,7,1.85091,High,10,A,30,CSM,2
219,7,1.85091,High,30,B,30,CSM,NA
220,6.8,3.27,High,23,Dead,36,CSM,NA
221,6.8,3.27,High,23,Dead,36,CSM,NA
222,6.8,3.27,High,23,Dead,36,CSM,NA
223,6.8,3.27,High,23,Dead,36,CSM,NA
224,6.8,3.27,High,23,Dead,36,CSM,NA
225,6.8,3.27,High,23,Dead,36,CSM,NA
226,6.8,3.27,High,23,C,36,CSM,NA
227,6.8,3.27,High,23,Dead,36,CSM,NA
228,6.8,3.27,High,23,Dead,36,CSM,NA
229,6.8,3.27,High,23,B,36,CSM,NA
230,6.8,3.27,High,23,C,36,CSM,NA
231,6.9,-4.33694,Medium_High,10,B,41,CFM,1.5
232,6.9,-4.33694,Medium_High,10,Dead,41,CFM,NA
233,6.9,-4.33694,Medium_High,10,Dead,41,CFM,NA
234,6.9,-4.33694,Medium_High,10,Dead,41,CFM,NA
235,6.9,-4.33694,Medium_High,10,Dead,41,CFM,NA
236,6.9,-4.33694,Medium_High,10,Dead,41,CFM,NA
237,6.9,-4.33694,Medium_High,10,Dead,41,CFM,NA
238,6.9,-4.33694,Medium_High,10,Dead,41,CFM,NA
239,6.9,-4.33694,Medium_High,10,Dead,41,CFM,NA
240,6.9,-4.33694,Medium_High,10,Dead,41,CFM,NA
241,6.9,-4.33694,Medium_High,10,Dead,41,CFM,NA
242,6.9,-4.33694,Medium_High,10,Dead,41,CFM,NA
243,6.9,-4.33694,Medium_High,10,Dead,41,CFM,NA
244,6.9,-4.33694,Medium_High,10,Dead,41,CFM,NA
245,6.9,-4.33694,Medium_High,10,Dead,41,CFM,NA
246,6.9,-4.33694,Medium_High,10,Dead,41,CFM,NA
247,7.1,-2.64231,Medium_High,11,C,29,CSM,NA
248,7.1,-2.64231,Medium_High,11,C,29,CSM,NA
249,7.1,-2.64231,Medium_High,11,C,29,CSM,NA
250,7.1,-2.64231,Medium_High,11,Dead,29,CSM,NA
251,7.1,-2.64231,Medium_High,11,C,29,CSM,NA
252,7.1,-2.64231,Medium_High,11,Dead,29,CSM,NA
253,7.1,-2.64231,Medium_High,11,Dead,29,CSM,NA
254,7.1,-2.64231,Medium_High,11,Dead,29,CSM,NA
255,7.1,-2.64231,Medium_High,11,Dead,29,CSM,NA
256,7.1,-2.64231,Medium_High,11,Dead,29,CSM,NA
257,7.1,-2.64231,Medium_High,11,Dead,29,CSM,NA
258,7.1,-3.00859,Medium_High,24,C,43,CSM,2.5
259,7.1,-3.00859,Medium_High,24,Dead,43,CSM,NA
260,7.1,-3.00859,Medium_High,24,Dead,43,CSM,NA
261,7.1,-3.00859,Medium_High,24,Dead,43,CSM,NA
262,7.1,-3.00859,Medium_High,24,Dead,43,CSM,NA
263,7.1,-3.00859,Medium_High,24,Dead,43,CSM,NA
264,7.1,-3.00859,Medium_High,24,Dead,43,CSM,NA
265,7.1,-3.00859,Medium_High,24,Dead,43,CSM,NA
266,7.1,-3.00859,Medium_High,24,Dead,43,CSM,NA
267,7.1,-3.00859,Medium_High,24,Dead,43,CSM,NA
268,7.1,-3.00859,Medium_High,24,Dead,43,CSM,NA
269,7.1,-3.00859,Medium_High,24,Dead,43,CSM,NA
270,7,-3.10883,Medium_High,10,A,44,CSM,1.5
271,7,-3.10883,Medium_High,10,C,44,CSM,1.5
272,7,-3.10883,Medium_High,10,C,44,CSM,NA
273,7,3.05309,High,60,Dead,40,CSM,NA
274,7,3.05309,High,60,Dead,40,CSM,NA
275,7,3.05309,High,60,Dead,40,CSM,NA
276,7,3.05309,High,60,Dead,40,CSM,NA
277,7,3.05309,High,60,Dead,40,CSM,NA
278,7,3.05309,High,60,Dead,40,CSM,NA
279,7,3.05309,High,60,Dead,40,CSM,NA
280,7,3.05309,High,60,Dead,40,CSM,NA
281,7,3.05309,High,60,Dead,40,CSM,NA
282,7,3.05309,High,60,Dead,40,CSM,NA
283,7,3.05309,High,60,Dead,40,CSM,NA
284,7,3.05309,High,60,Dead,40,CSM,NA
285,7,3.05309,High,60,Dead,40,CSM,NA
286,7,3.05309,High,60,Dead,40,CSM,NA
287,7,3.05309,High,60,Dead,40,CSM,NA
288,7,3.05309,High,10,C,40,CSM,1.5
289,7,3.05309,High,10,A,40,CSM,1.5
290,7,3.05309,High,10,C,40,CSM,1.5
291,7,3.05309,High,10,Dead,40,CSM,NA
292,7,3.05309,High,10,B,40,CSM,4.5
293,7,3.05309,High,60,Dead,40,CSM,NA
294,7,3.05309,High,60,Dead,40,CSM,NA
295,7,3.05309,High,60,Dead,40,CSM,NA
296,7,3.05309,High,60,Dead,40,CSM,NA
297,7,3.05309,High,60,Dead,40,CSM,NA
298,7,3.05309,High,60,Dead,40,CSM,NA
299,7,3.05309,High,60,Dead,40,CSM,NA
300,7,-3.10883,Medium_High,10,C,44,CSM,1.5
301,7,-3.10883,Medium_High,10,B,44,CSM,5
302,7,-3.10883,Medium_High,35,Dead,44,CSM,NA
303,7,-3.10883,Medium_High,35,Dead,44,CSM,NA
304,7,-3.10883,Medium_High,35,Dead,44,CSM,NA
305,7,-3.10883,Medium_High,35,Dead,44,CSM,NA
306,7,-3.10883,Medium_High,35,Dead,44,CSM,NA
307,7,-3.10883,Medium_High,35,Dead,44,CSM,NA
308,7,-3.10883,Medium_High,35,Dead,44,CSM,NA
309,7,-3.10883,Medium_High,35,Dead,44,CSM,NA
310,7.5,3.05811,Medium_High,34,Dead,50,CSM,NA
311,7.5,3.05811,Medium_High,34,C,50,CSM,NA
312,7.5,3.05811,Medium_High,34,Dead,50,CSM,NA
313,7.5,3.05811,Medium_High,34,Dead,50,CSM,NA
314,7.5,3.05811,Medium_High,34,Dead,50,CSM,NA
315,7.5,3.05811,Medium_High,34,C,50,CSM,NA
316,7.5,3.05811,Medium_High,34,C,50,CSM,NA
317,7.5,3.05811,Medium_High,34,Dead,50,CSM,NA
318,7.5,3.05811,Medium_High,34,Dead,50,CSM,NA
319,7.5,3.05811,Medium_High,34,Dead,50,CSM,NA
320,7.5,3.05811,Medium_High,34,Dead,50,CSM,NA
321,7.5,3.05811,Medium_High,34,Dead,50,CSM,NA
322,7.5,3.05811,Medium_High,34,Dead,50,CSM,NA
323,7.5,3.05811,Medium_High,10,Dead,50,CSM,NA
324,7.5,3.05811,Medium_High,10,C,50,CSM,NA
325,7.5,3.05811,Medium_High,10,C,50,CSM,NA
326,7.5,3.05811,Medium_High,10,Dead,50,CSM,NA
327,7.5,3.05811,Medium_High,10,Dead,50,CSM,NA
328,7.5,3.05811,Medium_High,10,Dead,50,CSM,NA
329,7.5,3.05811,Medium_High,10,B,50,CSM,NA
330,7.5,3.05811,Medium_High,10,B,50,CSM,NA
331,7.5,3.05811,Medium_High,10,Dead,50,CSM,NA
332,7.5,3.05811,Medium_High,10,Dead,50,CSM,NA
333,7.7,3.27,Medium_High,10,C,54,CFM,NA
334,7.7,3.27,Medium_High,10,Dead,54,CFM,NA
335,7.7,3.27,Medium_High,10,Dead,54,CFM,NA
336,7.7,3.27,Medium_High,10,A,54,CFM,0.5
337,7.7,3.27,Medium_High,10,C,54,CFM,NA
338,7.7,3.27,Medium_High,10,Dead,54,CFM,NA
339,7.7,3.27,Medium_High,10,Dead,54,CFM,NA
340,7.7,3.27,Medium_High,10,Dead,54,CFM,NA
341,7.7,3.27,Medium_High,10,Dead,54,CFM,NA
342,7.7,3.27,Medium_High,10,C,54,CFM,NA
343,7.7,3.27,Medium_High,10,Dead,54,CFM,NA
344,7.7,3.27,Medium_High,10,Dead,54,CFM,NA
345,7.7,3.27,Medium_High,10,B,54,CFM,NA
346,7.7,3.27,Medium_High,10,C,54,CFM,NA
347,7.7,3.27,Medium_High,35,Dead,54,CFM,NA
348,7.7,3.27,Medium_High,35,Dead,54,CFM,NA
349,7.7,3.27,Medium_High,35,Dead,54,CFM,NA
350,7.7,3.27,Medium_High,35,Dead,54,CFM,NA
351,7.7,3.27,Medium_High,35,Dead,54,CFM,NA
352,7.7,3.27,Medium_High,35,Dead,54,CFM,NA
353,7.7,3.27,Medium_High,35,Dead,54,CFM,NA
354,7.7,3.27,Medium_High,35,Dead,54,CFM,NA
355,7.7,3.27,Medium_High,35,Dead,54,CFM,NA
356,7.7,3.27,Medium_High,35,Dead,54,CFM,NA
357,7.2,1.19,Medium_High,10,Dead,47,CFM,NA
358,7.2,1.19,Medium_High,10,B,47,CFM,NA
359,7.2,1.19,Medium_High,10,B,47,CFM,NA
360,7.2,1.19,Medium_High,10,Dead,47,CFM,NA
361,7.2,1.19,Medium_High,10,Dead,47,CFM,NA
362,7.2,1.19,Medium_High,10,Dead,47,CFM,NA
363,7.2,1.19,Medium_High,10,Dead,47,CFM,NA
364,7.2,1.19,Medium_High,10,B,47,CFM,NA
365,7.2,1.19,Medium_High,10,Dead,47,CFM,NA
366,7.2,1.19,Medium_High,10,C,47,CFM,NA
367,7.2,1.19,Medium_High,10,Dead,47,CFM,NA
368,7.2,1.19,Medium_High,10,C,47,CFM,NA
369,7.2,1.19,Medium_High,10,B,47,CFM,NA
370,7.2,1.19,Medium_High,10,Dead,47,CFM,NA
371,7.2,1.19,Medium_High,10,C,47,CFM,NA
372,7.2,-4.34,Medium_High,10,Dead,51,CFM,NA
373,7.2,-4.34,Medium_High,10,B,51,CFM,NA
374,7.2,-4.34,Medium_High,10,B,51,CFM,NA
375,7.2,-4.34,Medium_High,10,B,51,CFM,NA
376,7.2,-4.34,Medium_High,10,B,51,CFM,NA
377,7.2,-4.34,Medium_High,10,A,51,CFM,NA
378,7.2,-4.34,Medium_High,10,Dead,51,CFM,NA
379,7.5,-2.59,High,10,B,49,CSM,NA
380,7.5,-2.59,High,10,Dead,49,CSM,NA
381,7.5,-2.59,High,10,Dead,49,CSM,NA
382,7.5,-2.59,High,10,C,49,CSM,NA
383,7.6,-6.33,High,10,Dead,30,CFM,NA
384,7.6,-6.33,High,10,Dead,30,CFM,NA
385,7.6,-6.33,High,10,Dead,30,CFM,NA
386,7.6,-6.33,High,10,Dead,30,CFM,NA
387,7.6,-6.33,High,10,B,30,CFM,NA
388,7.6,-6.33,High,10,Dead,30,CFM,NA
389,7.6,-6.33,High,10,B,30,CFM,0.5
390,7.6,-6.33,High,10,Dead,30,CFM,NA
391,7.6,-6.33,High,10,A,30,CFM,4.5
392,7.6,-6.33,High,35,Dead,30,CFM,NA
393,7.6,-6.33,High,35,Dead,30,CFM,NA
394,7.6,-6.33,High,35,Dead,30,CFM,NA
395,7.6,-6.33,High,35,Dead,30,CFM,NA
396,7.6,-6.33,High,25,Dead,30,CFM,NA
397,7.6,-5.32,Medium_High,10,C,36,CSM,0.5
398,7.6,-5.32,Medium_High,10,Dead,36,CSM,NA
399,7.6,-5.32,Medium_High,10,Dead,36,CSM,NA
400,7.6,-5.32,Medium_High,10,B,36,CSM,3
401,7.6,-5.32,Medium_High,10,B,36,CSM,5
402,7.6,-5.32,Medium_High,10,C,36,CSM,4.5
403,7.6,-5.32,Medium_High,10,Dead,36,CSM,NA
404,7.6,-5.32,Medium_High,25,Dead,36,CSM,NA
405,7.6,-5.32,Medium_High,25,Dead,36,CSM,NA
406,7.6,-5.32,Medium_High,25,Dead,36,CSM,NA
407,7.6,-5.32,Medium_High,25,Dead,36,CSM,NA
408,7.6,-6.07,Medium_High,10,Dead,35,CSM,NA
409,7.6,-6.07,Medium_High,10,Dead,35,CSM,NA
410,7.6,-6.07,Medium_High,10,Dead,35,CSM,NA
411,7.6,-6.07,Medium_High,10,C,35,CSM,NA
412,7.6,-6.07,Medium_High,10,C,35,CSM,0.5
413,7.6,-6.07,Medium_High,10,B,35,CSM,0.5
414,7.6,-6.07,Medium_High,10,B,35,CSM,1
415,7,-6.01,High,10,C,37,CSM,0.5
416,7,-6.01,High,10,C,37,CSM,0.5
417,7,-6.01,High,10,Dead,37,CSM,NA
418,7,-6.01,High,10,Dead,37,CSM,NA
419,7,-6.01,High,10,Dead,37,CSM,NA
420,7,-6.01,High,10,Dead,37,CSM,NA
421,7,-6.01,High,10,Dead,37,CSM,NA
422,7,-6.01,High,10,Dead,37,CSM,NA
423,7,-6.01,High,10,Dead,37,CSM,NA
424,7.7,-3.11,High,10,C,39,CSM,0.5
425,7.7,-3.11,High,10,Dead,39,CSM,NA
426,7.7,-3.11,High,10,C,39,CSM,NA
427,7.7,-3.11,High,10,Dead,39,CSM,NA
428,6.8,4.35,Medium_High,30,Dead,44,CFM,NA
429,6.8,4.35,Medium_High,30,Dead,44,CFM,NA
430,6.8,4.35,Medium_High,30,C,44,CFM,NA
431,7,4.8,Medium_High,41,Dead,49,CFM,NA
432,6.8,-0.95,Medium_High,25,B,47,CSM,NA
433,6.8,-0.95,Medium_High,25,Dead,47,CSM,NA
434,6.8,-0.95,Medium_High,25,Dead,47,CSM,NA
435,6.8,-0.95,Medium_High,25,Dead,47,CSM,NA
436,7.2,-1.94,Medium_High,10,B,55,CSM,NA
437,7.2,-1.94,Medium_High,10,Dead,55,CSM,NA
438,7.2,-1.94,Medium_High,10,B,55,CSM,NA
439,7.5,-0.4,Medium_High,10,Dead,47,CSM,NA
440,7.5,-0.4,Medium_High,10,Dead,47,CSM,NA
441,7.5,-0.4,Medium_High,55,B,47,CSM,NA
442,7,2.17,High,10,Dead,47,CSM,NA
443,7,2.17,High,10,Dead,47,CSM,NA
444,7,2.17,High,10,Dead,47,CSM,NA
445,7,2.17,High,10,Dead,47,CSM,NA
446,7,2.17,High,10,B,47,CSM,5
447,7,2.17,High,10,Dead,47,CSM,NA
448,7,2.17,High,10,Dead,47,CSM,NA
449,7,2.17,High,10,B,47,CSM,0.5
450,7,2.17,High,10,C,47,CSM,NA
451,7.1,3.16,High,10,Dead,46,CFM,NA
452,7.1,3.16,High,10,B,46,CFM,0.5
453,7,3.25,Medium_High,10,Dead,43,CFM,NA
454,7,3.25,Medium_High,10,Dead,43,CFM,NA
455,7,3.25,Medium_High,10,Dead,43,CFM,NA
456,7,3.25,Medium_High,10,C,43,CFM,0.5
457,7,3.25,Medium_High,10,A,43,CFM,2
458,7,3.25,Medium_High,10,Dead,43,CFM,NA
459,7,3.25,Medium_High,10,A,43,CFM,0.5
460,7,7.54,Medium_High,32,Dead,55,CFM,NA
461,7.2,3.8,Medium_Low,14,Dead,58,CSM,NA
462,7.2,3.8,Medium_Low,14,Dead,58,CSM,NA
463,7.2,-2.59,Medium_High,10,B,59,CSM,NA
464,7.2,-2.59,Medium_High,10,Dead,59,CSM,NA
465,7,2.56,Medium_High,10,Dead,57,CSM,NA
466,7,2.56,Medium_High,10,A,57,CSM,5
467,7,2.56,Medium_High,10,B,57,CSM,5
468,7,4.52,Medium_High,10,Dead,57,CFM,NA
469,7,1.77,Medium_High,21,Dead,57,CSM,NA
470,7,1.77,Medium_High,21,Dead,57,CSM,NA
471,7,1.77,Medium_High,21,Dead,57,CSM,NA
472,7,1.84,High,10,Dead,55,CSM,NA
473,7,1.84,High,10,Dead,55,CSM,NA
474,6.5,-0.36,Medium_High,30,C,67,CSM,NA
475,6.5,-0.36,Medium_High,30,C,67,CSM,NA
476,6.5,-0.36,Medium_High,30,Dead,67,CSM,NA
477,7,-2.01,High,10,A,58,CSM,1
478,7,-2.01,High,10,B,58,CSM,NA
479,7,-2.01,High,10,C,58,CSM,NA
480,7,-2.1,High,27,Dead,54,CSM,NA
481,7,-2.1,High,27,Dead,54,CSM,NA
482,7,-2.1,High,27,Dead,54,CSM,NA
483,7,-2.1,High,27,Dead,54,CSM,NA
484,7,-2.1,High,27,Dead,54,CSM,NA
485,7,-0.48,Medium_High,10,A,53,CSM,5
486,7,-0.48,Medium_High,20,Dead,53,CSM,NA
487,7,0.8,Medium_High,39,C,47,CSM,0.5
488,7,0.8,Medium_High,39,C,47,CSM,0.5
489,7.1,1.55,Medium_High,10,A,55,CSM,5
490,7.1,1.55,Medium_High,10,B,55,CSM,0.5
491,7.1,1.55,Medium_High,10,B,55,CSM,5
492,7.1,1.55,Medium_High,10,A,55,CSM,1.5
493,7.1,1.55,Medium_High,10,A,55,CSM,1
494,7.1,1.55,Medium_High,10,B,55,CSM,5
495,7.1,1.55,Medium_High,10,A,55,CSM,5
496,7.1,1.55,Medium_High,10,B,55,CSM,1
497,7.1,1.55,Medium_High,10,Dead,55,CSM,NA
498,7.1,1.55,Medium_High,10,Dead,55,CSM,NA
499,7.1,1.55,Medium_High,10,C,55,CSM,NA
500,7.1,1.55,Medium_High,10,C,55,CSM,NA
501,7.1,1.55,Medium_High,10,C,55,CSM,NA
502,7,1.5,Medium_Low,10,B,51,CSM,5
503,7,1.5,Medium_Low,10,B,51,CSM,0.5
504,7,2.49,Medium_High,10,C,59,IFS,0.5
505,7,2.49,Medium_High,10,Dead,59,IFS,NA
506,7,2.49,Medium_High,10,B,59,IFS,0.5
507,7,2.49,Medium_High,10,B,59,IFS,0.5
508,7,2.49,Medium_High,10,C,59,IFS,0.5
509,7,2.49,Medium_High,10,C,59,IFS,5
510,7,9.64,Medium_High,30,C,60,CFM,NA
511,7,9.64,Medium_High,30,Dead,60,CFM,NA
512,7,9.64,Medium_High,30,Dead,60,CFM,NA
513,7,9.64,Medium_High,30,B,60,CFM,NA
514,7,9.64,Medium_High,30,C,60,CFM,NA
515,7,9.64,Medium_High,30,B,60,CFM,NA
516,7,9.64,Medium_High,30,A,60,CFM,NA
517,7,9.64,Medium_High,30,B,60,CFM,NA
518,7,9.64,Medium_High,30,C,60,CFM,NA
519,7,9.64,Medium_High,30,Dead,60,CFM,NA
520,7,9.64,Medium_High,30,Dead,60,CFM,NA
521,7,9.64,Medium_High,30,Dead,60,CFM,NA
522,7,9.64,Medium_High,30,Dead,60,CFM,NA
523,7,9.64,Medium_High,30,C,60,CFM,NA
524,7,9.64,Medium_High,30,Dead,60,CFM,NA
525,7,9.64,Medium_High,30,Dead,60,CFM,NA
526,7,9.64,Medium_High,30,Dead,60,CFM,NA
527,7,9.64,Medium_High,30,Dead,60,CFM,NA
528,7,9.64,Medium_High,30,Dead,60,CFM,NA
529,7,9.64,Medium_High,30,C,60,CFM,NA
530,7,9.64,Medium_High,30,Dead,60,CFM,NA
531,7,9.05,Medium_High,10,Dead,56,CFM,NA
532,7,9.05,Medium_High,10,B,56,CFM,NA
533,7,9.05,Medium_High,10,B,56,CFM,NA
534,7,9.05,Medium_High,10,C,56,CFM,NA
535,7,9.05,Medium_High,10,C,56,CFM,NA
536,7,9.05,Medium_High,10,C,56,CFM,NA
537,7,9.05,Medium_High,10,C,56,CFM,NA
538,7,9.05,Medium_High,10,Dead,56,CFM,NA
539,7,9.05,Medium_High,10,Dead,56,CFM,NA
540,7,9.05,Medium_High,10,B,56,CFM,NA
541,7,9.05,Medium_High,10,Dead,56,CFM,NA
542,7,9.05,Medium_High,10,Dead,56,CFM,NA
543,7,9.05,Medium_High,10,B,56,CFM,NA
544,7,9.05,Medium_High,10,Dead,56,CFM,NA
545,7,9.05,Medium_High,10,B,56,CFM,NA
546,7,9.05,Medium_High,10,C,56,CFM,NA
547,7,9.05,Medium_High,10,B,56,CFM,NA
548,7,9.05,Medium_High,10,C,56,CFM,NA
549,7,9.05,Medium_High,10,Dead,56,CFM,NA
550,7,9.05,Medium_High,10,C,56,CFM,NA
551,7,9.05,Medium_High,10,B,56,CFM,NA
552,7,9.05,Medium_High,10,C,56,CFM,NA
553,7,9.05,Medium_High,10,B,56,CFM,NA
554,6.8,8.79,Medium_High,53,A,58,CSM,NA
555,6.8,8.79,Medium_High,53,B,58,CSM,NA
556,6.8,8.79,Medium_High,53,C,58,CSM,NA
557,6.8,8.79,Medium_High,53,Dead,58,CSM,NA
558,6.8,8.79,Medium_High,53,B,58,CSM,NA
559,6.8,8.79,Medium_High,53,C,58,CSM,NA
560,6.8,8.79,Medium_High,53,C,58,CSM,NA
561,6.8,8.79,Medium_High,53,Dead,58,CSM,NA
562,6.8,8.79,Medium_High,53,Dead,58,CSM,NA
563,6.8,8.79,Medium_High,53,C,58,CSM,NA
564,6.8,8.79,Medium_High,53,C,58,CSM,NA
565,6.8,8.79,Medium_High,53,B,58,CSM,NA
566,6.8,8.79,Medium_High,53,Dead,58,CSM,NA
567,6.8,8.79,Medium_High,53,C,58,CSM,NA
568,6.8,8.79,Medium_High,53,Dead,58,CSM,NA
569,6.8,8.79,Medium_High,53,Dead,58,CSM,NA
570,6.8,8.79,Medium_High,53,Dead,58,CSM,NA
571,6.8,8.79,Medium_High,53,Dead,58,CSM,NA
572,6.8,8.79,Medium_High,53,Dead,58,CSM,NA
573,6.8,8.79,Medium_High,53,Dead,58,CSM,NA
574,7,7.78,Medium_Low,10,A,59,CSM,NA
575,7,7.78,Medium_Low,10,C,59,CSM,NA
576,7,7.78,Medium_Low,10,Dead,59,CSM,NA
577,7,7.78,Medium_Low,10,C,59,CSM,NA
578,7,7.78,Medium_Low,10,Dead,59,CSM,NA
579,7,7.78,Medium_Low,10,C,59,CSM,NA
580,7,7.78,Medium_Low,10,B,59,CSM,NA
581,7,7.78,Medium_Low,10,Dead,59,CSM,NA
582,7,7.78,Medium_Low,10,B,59,CSM,NA
583,7,7.78,Medium_Low,10,Dead,59,CSM,NA
584,7,7.78,Medium_Low,10,Dead,59,CSM,NA
585,6.5,5.32,Medium_Low,38,Dead,66,CMS,NA
586,6.5,5.17,Medium_Low,10,B,67,CSM,NA
587,6.5,9.63,Medium_Low,30,Dead,60,CMS,NA
588,6.8,10.66,Medium_Low,21,C,69,CMS,NA
589,6.8,10.66,Medium_Low,21,B,69,CMS,NA
590,6.8,10.66,Medium_Low,21,C,69,CMS,NA
591,5.9,-7.6,Low,30,Dead,70,CFM,NA
592,5.9,-6.3,Low,30,Dead,70,CFM,NA
593,5.9,-6.3,Low,30,Dead,70,CFM,NA
594,5.9,-6.3,Low,30,Dead,70,CFM,NA
595,5.9,-6.3,Low,30,Dead,70,CFM,NA
596,5.9,-6.3,Low,30,Dead,70,CFM,NA
597,5.9,-6.3,Low,30,Dead,70,CFM,NA
598,5.9,-6.3,Low,30,Dead,70,CFM,NA
599,5.9,-6.3,Low,30,Dead,70,CFM,NA
600,5.9,-6.3,Low,30,Dead,70,CFM,NA
601,5.9,-6.3,Low,30,Dead,70,CFM,NA
602,5.9,-6.3,Low,30,Dead,70,CFM,NA
603,5.9,-6.3,Low,30,Dead,70,CFM,NA
604,5.9,-6.3,Low,30,Dead,70,CFM,NA
605,5.9,-6.3,Low,30,Dead,70,CFM,NA
606,5.9,-6.3,Low,30,B,70,CFM,NA
607,5.9,-6.3,Low,30,C,70,CFM,NA
608,5.9,-6.3,Low,30,C,70,CFM,NA
609,5.9,-6.3,Low,30,A,70,CFM,NA
610,6,-8.8,Low,30,Dead,58,CFM,NA
611,6,-8.8,Low,30,Dead,58,CFM,NA
612,6,-8.8,Low,30,Dead,58,CFM,NA
613,6,-8.8,Low,30,Dead,58,CFM,NA
614,6,-8.8,Low,30,Dead,58,CFM,NA
615,6,-8.8,Low,30,Dead,58,CFM,NA
616,6,-8.8,Low,30,Dead,58,CFM,NA
617,6,-8.8,Low,30,Dead,58,CFM,NA
618,6,-8.8,Low,30,Dead,58,CFM,NA
619,6,-8.8,Low,30,Dead,58,CFM,NA
620,6,-8.8,Low,30,Dead,58,CFM,NA
621,6,-8.8,Low,30,Dead,58,CFM,NA
622,6,-8.8,Low,30,C,58,CFM,NA
623,6,-8.8,Low,30,B,58,CFM,NA
624,6,-8.8,Low,30,C,58,CFM,NA
625,6,-8.8,Low,30,C,58,CFM,NA
626,6,-8.8,Low,30,C,58,CFM,NA
627,6,-8.8,Low,30,A,58,CFM,5
628,6,-8.8,Low,30,C,58,CFM,NA
629,5.9,-9.3,Low,39,Dead,58,CSM,NA
630,5.9,-9.3,Low,39,Dead,58,CSM,NA
631,5.9,-9.3,Low,39,Dead,58,CSM,NA
632,5.9,-9.3,Low,39,Dead,58,CSM,NA
633,5.9,-9.3,Low,39,Dead,58,CSM,NA
634,5.9,-9.3,Low,39,Dead,58,CSM,NA
635,5.9,-9.3,Low,39,Dead,58,CSM,NA
636,5.9,-9.3,Low,39,Dead,58,CSM,NA
637,5.9,-9.3,Low,39,Dead,58,CSM,NA
638,5.9,-9.3,Low,39,Dead,58,CSM,NA
639,5.9,-9.3,Low,39,Dead,58,CSM,NA
640,5.9,-9.3,Low,39,A,58,CSM,5
641,5.9,-9.3,Low,39,B,58,CSM,NA
642,5.9,-9.3,Low,39,A,58,CSM,5
643,5.9,-9.3,Low,39,C,58,CSM,2
644,5.9,-9.3,Low,39,C,58,CSM,NA
645,5.9,-9.3,Low,39,C,58,CSM,NA
646,6,-7,Low,35,Dead,60,CFM,NA
647,6,-7,Low,35,Dead,60,CFM,NA
648,6,-7,Low,35,Dead,60,CFM,NA
649,6,-7,Low,35,Dead,60,CFM,NA
650,6,-7,Low,35,Dead,60,CFM,NA
651,6,-7,Low,35,Dead,60,CFM,NA
652,6,-7,Low,35,Dead,60,CFM,NA
653,6,-7,Low,35,Dead,60,CFM,NA
654,6,-7,Low,35,Dead,60,CFM,NA
655,6,-7,Low,35,Dead,60,CFM,NA
656,6,-7,Low,35,Dead,60,CFM,NA
657,6,-7,Low,35,Dead,60,CFM,NA
658,6,-7,Low,35,Dead,60,CFM,NA
659,6,-7,Low,35,Dead,60,CFM,NA
660,6,-7,Low,35,Dead,60,CFM,NA
661,6,-7,Low,35,Dead,60,CFM,NA
662,6,-7,Low,35,Dead,60,CFM,NA
663,6,-7,Low,35,Dead,60,CFM,NA
664,6,-7,Low,35,A,60,CFM,NA
665,6,-7,Low,35,C,60,CFM,NA
666,6.1,-6.8,Low,29,Dead,62,CFM,NA
667,6.1,-6.8,Low,29,Dead,62,CFM,NA
668,6.1,-6.8,Low,29,C,62,CFM,NA
669,6.1,-6.8,Low,29,C,62,CFM,NA
670,6.1,-6.8,Low,29,C,62,CFM,NA
671,6.1,-6.8,Low,29,B,62,CFM,NA
672,6.1,-6.8,Low,29,A,62,CFM,5
673,6.1,-6.8,Low,29,B,62,CFM,NA
674,6.1,-6.8,Low,29,C,62,CFM,5
675,6.1,-6.8,Low,29,C,62,CFM,NA
676,6.1,-6.8,Low,29,B,62,CFM,1.5
677,6,-8.5,Low,26,Dead,59,CFM,NA
678,6,-8.5,Low,26,Dead,59,CFM,NA
679,6,-8.5,Low,26,Dead,59,CFM,NA
680,6,-8.5,Low,26,Dead,59,CFM,NA
681,6,-8.5,Low,26,Dead,59,CFM,NA
682,6,-8.5,Low,26,Dead,59,CFM,NA
683,6,-8.5,Low,26,Dead,59,CFM,NA
684,6,-8.5,Low,26,Dead,59,CFM,NA
685,6,-8.5,Low,26,A,59,CFM,2
686,6,-8.5,Low,26,C,59,CFM,NA
687,6,-8.5,Low,26,A,59,CFM,5
688,6,-8.5,Low,26,C,59,CFM,2
689,6,-8.9,Low,19,Dead,60,CFM,NA
690,6,-8.9,Low,19,Dead,60,CFM,NA
691,6,-8.9,Low,19,Dead,60,CFM,NA
692,6,-8.9,Low,19,C,60,CFM,NA
693,6,-8.9,Low,19,Dead,60,CFM,NA
694,6,-8.9,Low,19,Dead,60,CFM,NA
695,6,-8.9,Low,19,C,60,CFM,NA
696,6,-8.9,Low,19,Dead,60,CFM,NA
697,6,-8.9,Low,19,Dead,60,CFM,NA
698,6,-8.9,Low,19,Dead,60,CFM,NA
699,6,-8.9,Low,19,C,60,CFM,5
700,6,-8.9,Low,19,C,60,CFM,NA
701,6,-8.9,Low,19,B,60,CFM,2.5
702,6,-8.9,Low,19,A,60,CFM,5
703,6,-11.2,Low,20,Dead,55,CFM,NA
704,6,-11.2,Low,20,Dead,55,CFM,NA
705,6,-11.2,Low,20,Dead,55,CFM,NA
706,6,-11.2,Low,20,Dead,55,CFM,NA
707,6,-11.2,Low,20,Dead,55,CFM,NA
708,6,-11.2,Low,20,Dead,55,CFM,NA
709,6,-11.2,Low,20,C,55,CFM,NA
710,6,-11.2,Low,20,Dead,55,CFM,NA
711,6,-11.2,Low,20,C,55,CFM,2
712,6,-11.2,Low,20,Dead,55,CFM,NA
713,5.9,-12,Low,28,Dead,63,CFM,NA
714,5.9,-12,Low,28,C,63,CFM,NA
715,5.9,-12,Low,28,Dead,63,CFM,NA
716,5.9,-12,Low,28,Dead,63,CFM,NA
717,5.9,-12,Low,28,Dead,63,CFM,NA
718,5.9,-12,Low,28,Dead,63,CFM,NA
719,5.9,-12,Low,28,Dead,63,CFM,NA
720,5.9,-12,Low,28,Dead,63,CFM,NA
721,5.9,-12,Low,28,Dead,63,CFM,NA
722,5.9,-12,Low,28,Dead,63,CFM,NA
723,5.9,-12,Low,28,Dead,63,CFM,NA
724,5.9,-12,Low,28,Dead,63,CFM,NA
725,5.9,-12,Low,28,Dead,63,CFM,NA
726,5.9,-12,Low,28,Dead,63,CFM,NA
727,5.9,-12,Low,28,Dead,63,CFM,NA
728,5.9,-12,Low,28,A,63,CFM,5
729,5.9,-12,Low,28,A,63,CFM,5
730,6,-12.8,Low,20,Dead,57,CFM,NA
731,6,-12.8,Low,20,Dead,57,CFM,NA
732,6,-12.8,Low,20,B,57,CFM,NA
733,6,-12.8,Low,20,Dead,57,CFM,NA
734,6,-12.8,Low,20,Dead,57,CFM,NA
735,6,-12.8,Low,20,Dead,57,CFM,NA
736,6,-12.8,Low,20,Dead,57,CFM,NA
737,6,-12.8,Low,20,Dead,57,CFM,NA
738,6,-12.8,Low,20,Dead,57,CFM,NA
739,6,-12.8,Low,20,Dead,57,CFM,NA
740,6,-12.8,Low,20,Dead,57,CFM,NA
741,6,-12.8,Low,20,Dead,57,CFM,NA
742,6,-12.8,Low,20,Dead,57,CFM,NA
743,6,-12.8,Low,20,Dead,57,CFM,NA
744,6,-12.8,Low,20,Dead,57,CFM,NA
745,6,-12.8,Low,20,Dead,57,CFM,NA
746,6,-12.8,Low,20,Dead,57,CFM,NA
747,6,-12.8,Low,20,Dead,57,CFM,NA
748,6,-12.8,Low,20,Dead,57,CFM,NA
749,6,-12.8,Low,20,Dead,57,CFM,NA
750,5.9,-9.9,Low,27,Dead,66,CFM,NA
751,5.9,-9.9,Low,27,Dead,66,CFM,NA
752,5.9,-9.9,Low,27,Dead,66,CFM,NA
753,5.9,-9.9,Low,27,Dead,66,CFM,NA
754,5.9,-9.9,Low,27,Dead,66,CFM,NA
755,5.9,-9.9,Low,27,Dead,66,CFM,NA
756,5.9,-9.9,Low,27,Dead,66,CFM,NA
757,5.9,-9.9,Low,27,Dead,66,CFM,NA
758,5.9,-9.9,Low,27,A,66,CFM,5
759,5.9,-9.9,Low,27,B,66,CFM,NA
760,5.9,-9.9,Low,27,B,66,CFM,NA
761,5.9,-9.9,Low,27,B,66,CFM,4
762,5.9,-9.9,Low,27,B,66,CFM,3
763,6,-10.7,Low,32,Dead,56,CFM,NA
764,6,-10.7,Low,32,Dead,56,CFM,NA
765,6,-10.7,Low,32,Dead,56,CFM,NA
766,6,-10.7,Low,32,Dead,56,CFM,NA
767,6,-10.7,Low,32,Dead,56,CFM,NA
768,6,-10.7,Low,32,Dead,56,CFM,NA
769,6,-10.7,Low,32,Dead,56,CFM,NA
770,6,-10.7,Low,32,Dead,56,CFM,NA
771,6,-10.7,Low,32,Dead,56,CFM,NA
772,6,-10.7,Low,32,A,56,CFM,NA
773,6,-10.7,Low,32,A,56,CFM,3
774,6,-10.7,Low,32,B,56,CFM,NA
775,6,-10.7,Low,32,A,56,CFM,NA
776,6,-10.7,Low,32,B,56,CFM,NA
777,6,-11.8,Low,27,Dead,57,CSM,NA
778,6,-11.8,Low,27,Dead,57,CSM,NA
779,6,-11.8,Low,27,Dead,57,CSM,NA
780,6,-11.8,Low,27,Dead,57,CSM,NA
781,6,-11.8,Low,27,Dead,57,CSM,NA
782,6,-11.8,Low,27,Dead,57,CSM,NA
783,6,-11.8,Low,27,B,57,CSM,NA
784,6,-11.8,Low,27,B,57,CSM,2
785,5.8,-11.2,Low,20,Dead,51,CFM,NA
786,5.8,-11.2,Low,20,Dead,51,CFM,NA
787,5.8,-11.2,Low,20,Dead,51,CFM,NA
788,5.8,-11.2,Low,20,Dead,51,CFM,NA
789,5.8,-11.2,Low,20,Dead,51,CFM,NA
790,5.8,-11.2,Low,20,Dead,51,CFM,NA
791,5.8,-11.2,Low,20,Dead,51,CFM,NA
792,5.8,-11.2,Low,20,Dead,51,CFM,NA
793,5.8,-11.2,Low,20,Dead,51,CFM,NA
794,5.8,-11.2,Low,20,Dead,51,CFM,NA
795,5.8,-11.2,Low,20,A,51,CFM,NA
796,5.8,-11.2,Low,20,A,51,CFM,NA
797,5.8,-11.2,Low,20,A,51,CFM,NA
798,6.1,-10.3,Low,18,Dead,56,CFM,NA
799,6.1,-10.3,Low,18,Dead,56,CFM,NA
800,6.1,-10.3,Low,18,Dead,56,CFM,NA
801,6.1,-10.3,Low,18,Dead,56,CFM,NA
802,6.1,-10.3,Low,18,Dead,56,CFM,NA
803,6.1,-10.3,Low,18,Dead,56,CFM,NA
804,6.1,-10.3,Low,18,A,56,CFM,2
805,6.1,-10.3,Low,18,A,56,CFM,3.5
806,6.1,-11.3,Low,15,Dead,55,CFM,NA
807,6.1,-11.3,Low,15,A,55,CFM,NA
808,6.1,-11.3,Low,15,Dead,55,CFM,NA
809,6.1,-11.3,Low,15,Dead,55,CFM,NA
810,6.1,-11.3,Low,15,Dead,55,CFM,NA
811,6.1,-11.3,Low,15,Dead,55,CFM,NA
812,6.1,-11.3,Low,15,Dead,55,CFM,NA
813,6.1,-11.3,Low,15,Dead,55,CFM,NA
814,6,-10.4,Low,16,Dead,59,CFM,NA
815,6,-10.4,Low,16,Dead,59,CFM,NA
816,6,-10.4,Low,16,Dead,59,CFM,NA
817,6,-10.4,Low,16,Dead,59,CFM,NA
818,6,-10.4,Low,16,Dead,59,CFM,NA
819,6,-10.4,Low,16,Dead,59,CFM,NA
820,6,-10.4,Low,16,Dead,59,CFM,NA
821,6,-10.4,Low,16,Dead,59,CFM,NA
822,6,-10.4,Low,16,B,59,CFM,NA
823,6,-10.4,Low,16,B,59,CFM,2
824,6,-10.4,Low,16,A,59,CFM,NA
825,6,-10.4,Low,16,A,59,CFM,3.5
826,5.6,-11.1,Low,16,Dead,59,CFM,NA
827,5.6,-11.1,Low,16,Dead,59,CFM,NA
828,5.6,-11.1,Low,16,Dead,59,CFM,NA
829,5.6,-11.1,Low,16,Dead,59,CFM,NA
830,5.6,-11.1,Low,16,Dead,59,CFM,NA
831,5.6,-11.1,Low,16,Dead,59,CFM,NA
832,5.6,-11.1,Low,16,Dead,59,CFM,NA
833,5.6,-11.1,Low,16,Dead,59,CFM,NA
834,5.6,-11.1,Low,16,Dead,59,CFM,NA
835,5.6,-11.1,Low,16,B,59,CFM,2
836,5.6,-11.1,Low,16,A,59,CFM,2
837,5.6,-11.1,Low,16,A,59,CFM,2
838,5.6,-11.1,Low,16,A,59,CFM,NA
839,5.6,-11.1,Low,16,B,59,CFM,2
840,6,-12.4,Low,19,Dead,62,CFM,NA
841,6,-12.4,Low,19,Dead,62,CFM,NA
842,6,-12.4,Low,19,Dead,62,CFM,NA
843,6,-12.4,Low,19,Dead,62,CFM,NA
844,6,-12.4,Low,19,Dead,62,CFM,NA
845,6,-12.4,Low,19,Dead,62,CFM,NA
846,6,-12.4,Low,19,Dead,62,CFM,NA
847,6,-12.4,Low,19,B,62,CFM,NA
848,6,-12.4,Low,19,B,62,CFM,NA
849,6,-12.4,Low,19,A,62,CFM,2
850,6.1,-12,Low,19,Dead,58,CFM,NA
851,6.1,-12,Low,19,Dead,58,CFM,NA
852,6.1,-12,Low,19,Dead,58,CFM,NA
853,6.1,-12,Low,19,Dead,58,CFM,NA
854,6.1,-12,Low,19,Dead,58,CFM,NA
855,6.1,-12,Low,19,Dead,58,CFM,NA
856,6.1,-12,Low,19,Dead,58,CFM,NA
857,6.1,-12,Low,19,B,58,CFM,2
858,6.1,-12,Low,19,A,58,CFM,5
859,6.1,-12,Low,19,B,58,CFM,2
860,6.1,-12,Low,19,B,58,CFM,NA
861,6.3,3.6,Low,27,Dead,65,CFM,NA
862,6.3,3.6,Low,27,Dead,65,CFM,NA
863,6.3,3.6,Low,27,Dead,65,CFM,NA
864,6.3,3.6,Low,27,Dead,65,CFM,NA
865,6.3,3.6,Low,27,Dead,65,CFM,NA
866,6.3,3.6,Low,27,Dead,65,CFM,NA
867,6.3,3.6,Low,27,Dead,65,CFM,NA
868,6.3,3.6,Low,27,Dead,65,CFM,NA
869,6.3,3.6,Low,27,Dead,65,CFM,NA
870,6.3,3.6,Low,27,Dead,65,CFM,NA
871,6.3,3.6,Low,27,B,65,CFM,NA
872,6.3,3.6,Low,27,C,65,CFM,NA
873,6.2,-0.3,Low,25,Dead,56,CFM,NA
874,6.2,-0.3,Low,25,Dead,56,CFM,NA
875,6.2,-0.3,Low,25,Dead,56,CFM,NA
876,6.2,-0.3,Low,25,C,56,CFM,NA
877,6.2,-0.3,Low,25,Dead,56,CFM,NA
878,6.2,-0.3,Low,25,Dead,56,CFM,NA
879,6.2,-0.3,Low,25,Dead,56,CFM,NA
880,6.2,-0.3,Low,25,Dead,56,CFM,NA
881,6.2,-0.3,Low,25,Dead,56,CFM,NA
882,6.2,-0.3,Low,25,Dead,56,CFM,NA
883,6.2,-0.3,Low,25,B,56,CFM,NA
884,6.2,-0.3,Low,25,C,56,CFM,NA
885,6.2,-0.5,Low,20,C,60,CSM,NA
886,6.2,-0.5,Low,20,Dead,60,CSM,NA
887,6.2,-0.5,Low,20,C,60,CSM,NA
888,6.2,-0.5,Low,20,C,60,CSM,NA
889,6.2,-0.5,Low,20,Dead,60,CSM,NA
890,6.2,-0.5,Low,20,Dead,60,CSM,NA
891,6.2,-0.5,Low,20,C,60,CSM,NA
892,6.2,-0.5,Low,20,Dead,60,CSM,NA
893,6.2,-0.5,Low,20,Dead,60,CSM,NA
894,6.2,-0.5,Low,20,C,60,CSM,NA
895,6.2,-0.5,Low,20,A,60,CSM,NA
896,6.2,-0.5,Low,20,A,60,CSM,2
897,6.2,-0.5,Low,20,B,60,CSM,NA
898,6.2,-0.5,Low,20,B,60,CSM,NA
899,6.2,-0.5,Low,20,A,60,CSM,5
900,6,2.4,Low,18,C,62,CFM,NA
901,6,2.4,Low,18,Dead,62,CFM,NA
902,6,2.4,Low,18,Dead,62,CFM,NA
903,6,2.4,Low,18,Dead,62,CFM,NA
904,6,2.4,Low,18,C,62,CFM,NA
905,6,2.4,Low,18,C,62,CFM,NA
906,6,2.4,Low,18,C,62,CFM,NA
907,6,2.4,Low,18,Dead,62,CFM,NA
908,6,2.4,Low,18,Dead,62,CFM,NA
909,6,2.4,Low,18,Dead,62,CFM,NA
910,6,2.4,Low,18,B,62,CFM,5
911,6,2.4,Low,18,A,62,CFM,2
912,6,2.4,Low,18,B,62,CFM,2
913,6,2.4,Low,18,B,62,CFM,NA
914,6,2.4,Low,18,B,62,CFM,1
915,6,2.4,Low,18,A,62,CFM,2
916,6,3,Low,21,B,57,CFM,NA
917,6,3,Low,21,B,57,CFM,NA
918,6,3,Low,21,C,57,CFM,NA
919,6,3,Low,21,C,57,CFM,NA
920,6,3,Low,21,C,57,CFM,NA
921,6,3,Low,21,C,57,CFM,NA
922,6,3,Low,21,Dead,57,CFM,NA
923,6,3,Low,21,C,57,CFM,NA
924,6,3,Low,21,B,57,CFM,NA
925,6,3,Low,21,Dead,57,CFM,NA
926,6,3,Low,21,B,57,CFM,5
927,6,3,Low,21,A,57,CFM,3
928,6,3,Low,21,A,57,CFM,5
929,6,3,Low,21,A,57,CFM,NA
930,6,3,Low,21,B,57,CFM,5
931,6.1,2,Low,18,C,56,CFM,NA
932,6.1,2,Low,18,Dead,56,CFM,NA
933,6.1,2,Low,18,Dead,56,CFM,NA
934,6.1,2,Low,18,Dead,56,CFM,NA
935,6.1,2,Low,18,Dead,56,CFM,NA
936,6.1,2,Low,18,C,56,CFM,NA
937,6.1,2,Low,18,Dead,56,CFM,NA
938,6.1,2,Low,18,Dead,56,CFM,NA
939,6.1,2,Low,18,B,56,CFM,NA
940,6.1,2,Low,18,C,56,CFM,NA
941,6.1,2,Low,18,A,56,CFM,5
942,6.1,2,Low,18,A,56,CFM,5
943,6.1,2,Low,18,A,56,CFM,5
944,6,1.6,Low,23,C,53,CFM,NA
945,6,1.6,Low,23,C,53,CFM,NA
946,6,1.6,Low,23,B,53,CFM,NA
947,6,1.6,Low,23,C,53,CFM,NA
948,6,1.6,Low,23,Dead,53,CFM,NA
949,6,1.6,Low,23,Dead,53,CFM,NA
950,6,1.6,Low,23,C,53,CFM,NA
951,6,1.6,Low,23,B,53,CFM,NA
952,6,1.6,Low,23,B,53,CFM,NA
953,6,1.6,Low,23,C,53,CFM,NA
954,6,1.6,Low,23,A,53,CFM,5
955,6,1.6,Low,23,A,53,CFM,2
956,6,1.6,Low,23,A,53,CFM,5
957,6,-2,Low,10,C,60,CFM,NA
958,6,-2,Low,10,C,60,CFM,NA
959,6,-2,Low,10,Dead,60,CFM,NA
960,6,-2,Low,10,Dead,60,CFM,NA
961,6,-2,Low,10,C,60,CFM,NA
962,6,-2,Low,10,Dead,60,CFM,NA
963,6,-2,Low,10,Dead,60,CFM,NA
964,6,-2,Low,10,Dead,60,CFM,NA
965,6,-2,Low,10,C,60,CFM,NA
966,6,-2,Low,10,B,60,CFM,NA
967,6,-2,Low,10,B,60,CFM,NA
968,6,-2,Low,10,A,60,CFM,5
969,6.1,-3.7,Low,15,Dead,59,CFM,NA
970,6.1,-3.7,Low,15,B,59,CFM,NA
971,6.1,-3.7,Low,15,C,59,CFM,NA
972,6.1,-3.7,Low,15,Dead,59,CFM,NA
973,6.1,-3.7,Low,15,Dead,59,CFM,NA
974,6.1,-3.7,Low,15,A,59,CFM,NA
975,6,-1.9,Low,15,C,55,CFM,NA
976,6,-1.9,Low,15,Dead,55,CFM,NA
977,6,-1.9,Low,15,B,55,CFM,NA
978,6,-1.9,Low,15,C,55,CFM,NA
979,6,-1.9,Low,15,A,55,CFM,NA
980,6,-1.9,Low,15,B,55,CFM,NA
981,6,-1.9,Low,15,B,55,CFM,NA
982,6,-1.9,Low,15,C,55,CFM,NA
983,6,-1.9,Low,15,C,55,CFM,NA
984,6,-1.9,Low,15,B,55,CFM,NA
985,6,-1.9,Low,15,B,55,CFM,5
986,6.1,-8.2,Low,36,Dead,61,CFM,NA
987,6.1,-8.2,Low,36,Dead,61,CFM,NA
988,6.1,-8.2,Low,36,Dead,61,CFM,NA
989,6.1,-8.2,Low,36,Dead,61,CFM,NA
990,6.1,-8.2,Low,36,Dead,61,CFM,NA
991,6.1,-8.2,Low,36,Dead,61,CFM,NA
992,6.1,-8.2,Low,36,Dead,61,CFM,NA
993,6.1,-8.2,Low,36,Dead,61,CFM,NA
994,6.1,-8.2,Low,36,Dead,61,CFM,NA
995,6.1,-8.2,Low,36,Dead,61,CFM,NA
996,6.1,-8.2,Low,36,Dead,61,CFM,NA
997,6.1,-8.2,Low,36,Dead,61,CFM,NA
998,6.1,-8.2,Low,36,Dead,61,CFM,NA
999,6.1,-8.2,Low,36,Dead,61,CFM,NA
1000,6.1,-8.2,Low,36,Dead,61,CFM,NA
1001,6.1,-8.2,Low,36,Dead,61,CFM,NA
1002,6.1,-8.2,Low,36,Dead,61,CFM,NA
1003,6.1,-8.2,Low,36,Dead,61,CFM,NA
1004,6.1,-8.2,Low,36,Dead,61,CFM,NA
1005,6.1,-8.2,Low,36,Dead,61,CFM,NA
1006,6.1,-8.2,Low,36,C,61,CFM,NA
1007,6,-10.4,Low,23,B,54,CFM,NA
1008,6,-10.4,Low,23,B,54,CFM,NA
1009,6,-11.5,Low,30,Dead,55,CSM,NA
1010,6,-11.5,Low,30,Dead,55,CSM,NA
1011,6,-11.5,Low,30,Dead,55,CSM,NA
1012,6,-11.5,Low,30,Dead,55,CSM,NA
1013,6,-11.5,Low,30,Dead,55,CSM,NA
1014,6,-11.5,Low,30,Dead,55,CSM,NA
1015,6,-11.5,Low,30,Dead,55,CSM,NA
1016,6,-11.5,Low,30,Dead,55,CSM,NA
1017,6,-11.5,Low,30,Dead,55,CSM,NA
1018,6,-11.5,Low,30,Dead,55,CSM,NA
1019,6,-11.5,Low,30,Dead,55,CSM,NA
1020,6,-11.5,Low,30,Dead,55,CSM,NA
1021,6,-11.5,Low,30,Dead,55,CSM,NA
1022,6,-11.5,Low,30,Dead,55,CSM,NA
1023,6,-11.5,Low,30,Dead,55,CSM,NA
1024,6,-11.5,Low,30,Dead,55,CSM,NA
1025,6,-11.5,Low,30,Dead,55,CSM,NA
1026,6,-11.5,Low,30,Dead,55,CSM,NA
1027,6,-11.5,Low,30,Dead,55,CSM,NA
1028,6,-11.5,Low,30,Dead,55,CSM,NA
1029,6,-11.5,Low,30,A,55,CSM,5
1030,6,-11.5,Low,30,B,55,CSM,5
1031,6,-11.5,Low,30,A,55,CSM,5
1032,6,-11.5,Low,30,C,55,CSM,5
1033,5.5,-10.3,Low,25,Dead,55,CFM,NA
1034,5.5,-10.3,Low,25,Dead,55,CFM,NA
1035,5.5,-10.3,Low,25,Dead,55,CFM,NA
1036,5.5,-10.3,Low,25,Dead,55,CFM,NA
1037,5.5,-10.3,Low,25,Dead,55,CFM,NA
1038,5.5,-10.3,Low,25,Dead,55,CFM,NA
1039,5.5,-10.3,Low,25,Dead,55,CFM,NA
1040,5.5,-10.3,Low,25,Dead,55,CFM,NA
1041,5.5,-10.3,Low,25,Dead,55,CFM,NA
1042,5.5,-10.3,Low,25,Dead,55,CFM,NA
1043,5.5,-10.3,Low,25,Dead,55,CFM,NA
1044,5.5,-10.3,Low,25,Dead,55,CFM,NA
1045,5.5,-10.3,Low,25,Dead,55,CFM,NA
1046,5.5,-10.3,Low,25,Dead,55,CFM,NA
1047,5.5,-10.3,Low,25,Dead,55,CFM,NA
1048,5.5,-10.3,Low,25,Dead,55,CFM,NA
1049,5.5,-10.3,Low,25,Dead,55,CFM,NA
1050,5.5,-10.3,Low,25,A,55,CFM,5
1051,5.5,-10.3,Low,25,A,55,CFM,5
1052,5.5,-10.3,Low,25,B,55,CFM,5
1053,5.5,-10.3,Low,25,C,55,CFM,5
1054,5.6,-11.9,Low,24,Dead,54,CFM,NA
1055,5.6,-11.9,Low,24,Dead,54,CFM,NA
1056,5.6,-11.9,Low,24,Dead,54,CFM,NA
1057,5.6,-11.9,Low,24,Dead,54,CFM,NA
1058,5.6,-11.9,Low,24,Dead,54,CFM,NA
1059,5.6,-11.9,Low,24,Dead,54,CFM,NA
1060,5.6,-11.9,Low,24,Dead,54,CFM,NA
1061,5.6,-11.9,Low,24,Dead,54,CFM,NA
1062,5.6,-11.9,Low,24,Dead,54,CFM,NA
1063,5.6,-11.9,Low,24,Dead,54,CFM,NA
1064,5.6,-11.9,Low,24,Dead,54,CFM,NA
1065,5.6,-11.9,Low,24,Dead,54,CFM,NA
1066,5.6,-11.9,Low,24,Dead,54,CFM,NA
1067,5.6,-11.9,Low,24,Dead,54,CFM,NA
1068,5.6,-11.9,Low,24,Dead,54,CFM,NA
1069,5.6,-11.9,Low,24,Dead,54,CFM,NA
1070,5.6,-11.9,Low,24,Dead,54,CFM,NA
1071,5.6,-11.9,Low,24,Dead,54,CFM,NA
1072,5.6,-11.9,Low,24,B,54,CFM,2
1073,5.6,-11.9,Low,24,A,54,CFM,NA
1074,5.6,-12.3,Low,22,C,54,CFM,NA
1075,5.6,-12.3,Low,22,A,54,CFM,5
1076,5.6,-12.3,Low,22,A,54,CFM,5
1077,5.6,-12.3,Low,22,B,54,CFM,NA
1078,6,-11.7,Low,22,B,56,CFM,2
1079,6,-11.7,Low,22,A,56,CFM,5
1080,6,-11.7,Low,22,A,56,CFM,5
1081,6.1,-12,Low,17,B,58,CFM,1.5
1082,6.1,-12,Low,17,B,58,CFM,2
1083,6.1,-12,Low,17,B,58,CFM,2
1084,6.1,-11.8,Low,23,B,56,CFM,2
1085,6.1,-11.8,Low,23,B,56,CFM,1.5
1086,6.1,-11.8,Low,23,A,56,CFM,NA
1087,6.1,-11.8,Low,23,A,56,CFM,5
1088,5.8,-9.4,Low,20,A,57,CFM,NA
1089,5.8,-9.4,Low,20,Dead,57,CFM,NA
1090,5.8,-9.4,Low,20,Dead,57,CFM,NA
1091,5.8,-9.4,Low,20,B,57,CFM,NA
1092,5.8,-9.4,Low,20,Dead,57,CFM,NA
1093,5.8,-9.4,Low,20,Dead,57,CFM,NA
1094,5.8,-9.4,Low,20,Dead,57,CFM,NA
1095,5.8,-9.4,Low,20,Dead,57,CFM,NA
1096,5.8,-9.4,Low,20,Dead,57,CFM,NA
1097,5.8,-9.4,Low,20,Dead,57,CFM,NA
1098,5.8,-9.4,Low,20,Dead,57,CFM,NA
1099,5.8,-9.4,Low,20,Dead,57,CFM,NA
1100,5.8,-9.4,Low,20,Dead,57,CFM,NA
1101,7.2,2.5,Medium_High,51,Dead,82,CFM,NA
1102,7.2,2.5,Medium_High,51,C,82,CFM,NA
1103,7.2,2.5,Medium_High,51,Dead,82,CFM,NA
1104,7.2,2.5,Medium_High,51,C,82,CFM,NA
1105,7.2,2.5,Medium_High,51,C,82,CFM,NA
1106,7.2,2.5,Medium_High,51,Dead,82,CFM,NA
1107,7.2,2.5,Medium_High,51,B,82,CFM,NA
1108,7.2,2.5,Medium_High,51,Dead,82,CFM,NA
1109,7.2,2.5,Medium_High,51,C,82,CFM,NA
1110,7.2,2.5,Medium_High,51,Dead,82,CFM,NA
1111,7.2,2.5,Medium_High,51,C,82,CFM,NA
1112,7.2,2.5,Medium_High,51,C,82,CFM,NA
1113,7.2,2.5,Medium_High,51,Dead,82,CFM,NA
1114,7.2,2.5,Medium_High,51,Dead,82,CFM,NA
1115,7.2,2.5,Medium_High,51,C,82,CFM,NA
1116,7.2,2.5,Medium_High,51,Dead,82,CFM,NA
1117,7.2,2.5,Medium_High,51,Dead,82,CFM,NA
1118,7.2,2.5,Medium_High,51,C,82,CFM,NA
1119,7.2,2.5,Medium_High,51,Dead,82,CFM,NA
1120,7.2,2.5,Medium_High,51,Dead,82,CFM,NA
1121,7.2,1.7,Medium_High,30,Dead,97,CSM,NA
1122,7.2,1.7,Medium_High,30,B,97,CSM,NA
1123,7.2,1.7,Medium_High,30,Dead,97,CSM,NA
1124,7.2,1.7,Medium_High,30,C,97,CSM,NA
1125,7.2,1.7,Medium_High,30,Dead,97,CSM,NA
1126,7.2,1.7,Medium_High,30,Dead,97,CSM,NA
1127,7.2,1.7,Medium_High,30,C,97,CSM,NA
1128,7.2,1.7,Medium_High,30,C,97,CSM,NA
1129,7.2,1.7,Medium_High,30,Dead,97,CSM,NA
1130,7.2,1.7,Medium_High,30,Dead,97,CSM,NA
1131,7.2,1.7,Medium_High,30,C,97,CSM,NA
1132,7.2,1.7,Medium_High,30,Dead,97,CSM,NA
1133,7.2,1.7,Medium_High,30,Dead,97,CSM,NA
1134,7.2,1.7,Medium_High,30,C,97,CSM,NA
1135,7.2,1.7,Medium_High,30,Dead,97,CSM,NA
1136,7.2,1.7,Medium_High,30,C,97,CSM,NA
1137,7.2,1.7,Medium_High,30,Dead,97,CSM,NA
1138,7.2,1.7,Medium_High,30,B,97,CSM,NA
1139,7.2,1.7,Medium_High,30,C,97,CSM,NA
1140,7.2,1.7,Medium_High,30,B,97,CSM,NA
1141,7.2,1.9,Medium_Low,36,Dead,66,CSM,NA
1142,7.2,1.9,Medium_Low,36,B,66,CSM,NA
1143,7.2,1.9,Medium_Low,36,C,66,CSM,NA
1144,7.2,1.9,Medium_Low,36,B,66,CSM,NA
1145,7.2,1.9,Medium_Low,36,B,66,CSM,NA
1146,7.2,1.9,Medium_Low,36,C,66,CSM,NA
1147,7.2,1.9,Medium_Low,36,C,66,CSM,NA
1148,7.2,1.9,Medium_Low,36,C,66,CSM,NA
1149,7.2,1.9,Medium_Low,36,Dead,66,CSM,NA
1150,7.2,1.9,Medium_Low,36,C,66,CSM,NA
1151,7.2,1.9,Medium_Low,36,A,66,CSM,NA
1152,7.2,1.9,Medium_Low,36,Dead,66,CSM,NA
1153,7.2,1.9,Medium_Low,36,B,66,CSM,NA
1154,7.2,1.9,Medium_Low,36,C,66,CSM,NA
1155,7.2,1.9,Medium_Low,36,B,66,CSM,NA
1156,7.2,1.9,Medium_Low,36,Dead,66,CSM,NA
1157,7.2,1.9,Medium_Low,36,B,66,CSM,NA
1158,7.2,1.9,Medium_Low,36,Dead,66,CSM,NA
1159,7.2,1.9,Medium_Low,36,Dead,66,CSM,NA
1160,7.2,1.9,Medium_Low,36,C,66,CSM,NA
1161,7.2,-2.7,Medium_Low,44,Dead,82,CMS,NA
1162,7.2,-2.7,Medium_Low,44,Dead,82,CMS,NA
1163,7.2,-2.7,Medium_Low,44,Dead,82,CMS,NA
1164,7.2,-2.7,Medium_Low,44,Dead,82,CMS,NA
1165,7.2,-2.7,Medium_Low,44,Dead,82,CMS,NA
1166,7.2,-2.7,Medium_Low,44,Dead,82,CMS,NA
1167,7.2,-2.7,Medium_Low,44,Dead,82,CMS,NA
1168,7.2,-2.7,Medium_Low,44,Dead,82,CMS,NA
1169,7.2,-2.7,Medium_Low,44,C,82,CMS,NA
1170,6.4,-3.5,Medium_Low,24,Dead,70,CMS,NA
1171,6.4,-3.5,Medium_Low,24,C,70,CMS,NA
1172,6.4,-3.5,Medium_Low,24,C,70,CMS,NA
1173,6.4,-3.5,Medium_Low,24,Dead,70,CMS,NA
1174,6.4,-3.5,Medium_Low,24,C,70,CMS,NA
1175,6.4,-3.5,Medium_Low,24,Dead,70,CMS,NA
1176,6.4,-3.5,Medium_Low,24,Dead,70,CMS,NA
1177,6.4,-3.5,Medium_Low,24,Dead,70,CMS,NA
1178,6.4,-3.5,Medium_Low,24,Dead,70,CMS,NA
1179,6.4,-3.5,Medium_Low,24,Dead,70,CMS,NA
1180,6.4,-3.5,Medium_Low,24,C,70,CMS,NA
1181,6.4,-3.5,Medium_Low,24,Dead,70,CMS,NA
1182,6.4,-3.5,Medium_Low,24,C,70,CMS,NA
1183,7.2,-11.7,High,57,Dead,65,CFM,NA
1184,7.2,-11.7,High,57,Dead,65,CFM,NA
1185,7.2,-11.7,High,57,Dead,65,CFM,NA
1186,7.2,-11.7,High,57,Dead,65,CFM,NA
1187,7.2,-11.7,High,57,Dead,65,CFM,NA
1188,7.2,-11.7,High,57,Dead,65,CFM,NA
1189,7.2,-11.7,High,57,Dead,65,CFM,NA
1190,7.2,-11.7,High,57,Dead,65,CFM,NA
1191,7.2,-11.7,High,57,Dead,65,CFM,NA
1192,7.2,-11.7,High,57,Dead,65,CFM,NA
1193,7.2,-11.7,High,57,Dead,65,CFM,NA
1194,7.2,-11.7,High,57,Dead,65,CFM,NA
1195,7.2,-11.7,High,57,Dead,65,CFM,NA
1196,7.2,-11.7,High,57,Dead,65,CFM,NA
1197,7.2,-11.7,High,57,Dead,65,CFM,NA
1198,7.2,-11.7,High,57,Dead,65,CFM,NA
1199,7.2,-11.7,High,57,Dead,65,CFM,NA
1200,7.2,-11.7,High,57,Dead,65,CFM,NA
1201,7.2,-11.7,High,57,Dead,65,CFM,NA
1202,7.2,-11.7,High,57,Dead,65,CFM,NA
1203,7.2,-11.7,High,57,Dead,65,CFM,NA
1204,7.2,-11.7,High,57,Dead,65,CFM,NA
1205,7.2,-14.4,High,58,Dead,90,CFM,NA
1206,7.2,-14.4,High,58,Dead,90,CFM,NA
1207,7.2,-14.4,High,58,Dead,90,CFM,NA
1208,7.2,-14.4,High,58,Dead,90,CFM,NA
1209,7.2,-14.4,High,58,Dead,90,CFM,NA
1210,7.2,-14.4,High,58,Dead,90,CFM,NA
1211,7.2,-14.4,High,58,Dead,90,CFM,NA
1212,7.2,-14.4,High,58,Dead,90,CFM,NA
1213,7.2,-14.4,High,58,Dead,90,CFM,NA
1214,7.2,-14.4,High,58,Dead,90,CFM,NA
1215,7.2,-14.4,High,58,Dead,90,CFM,NA
1216,7.2,-14.4,High,58,Dead,90,CFM,NA
1217,7.2,-14.4,High,58,Dead,90,CFM,NA
1218,7.2,-14.4,High,58,Dead,90,CFM,NA
1219,7.2,-14.4,High,58,Dead,90,CFM,NA
1220,7.2,-14.4,High,58,Dead,90,CFM,NA
1221,7.2,-14.4,High,58,Dead,90,CFM,NA
1222,7.2,-14.4,High,58,Dead,90,CFM,NA
1223,7.2,-14.4,High,58,Dead,90,CFM,NA
1224,7.2,-14.4,High,58,Dead,90,CFM,NA
1225,7.2,-15.15,High,62,Dead,58,CFM,NA
1226,7.2,-15.15,High,62,Dead,58,CFM,NA
1227,7.2,-15.15,High,62,Dead,58,CFM,NA
1228,7.2,-15.15,High,62,Dead,58,CFM,NA
1229,7.2,-15.15,High,62,Dead,58,CFM,NA
1230,7.2,-15.15,High,62,Dead,58,CFM,NA
1231,7.2,-15.15,High,62,Dead,58,CFM,NA
1232,7.2,-15.15,High,62,Dead,58,CFM,NA
1233,7.2,-15.15,High,62,Dead,58,CFM,NA
1234,7.2,-15.15,High,62,Dead,58,CFM,NA
1235,7.2,-15.15,High,62,Dead,58,CFM,NA
1236,7.2,-15.15,High,62,Dead,58,CFM,NA
1237,7.2,-15.15,High,62,Dead,58,CFM,NA
1238,7.2,-15.15,High,62,Dead,58,CFM,NA
1239,7.2,-15.15,High,62,Dead,58,CFM,NA
1240,7.2,-15.15,High,62,Dead,58,CFM,NA
1241,7.2,-15.15,High,62,Dead,58,CFM,NA
1242,7.2,-15.15,High,62,Dead,58,CFM,NA
1243,7.2,-15.15,High,62,Dead,58,CFM,NA
1244,7.2,-15.15,High,62,Dead,58,CFM,NA
1245,7.2,-15.15,High,62,Dead,58,CFM,NA
1246,7.2,-15.15,High,62,Dead,58,CFM,NA
1247,7.2,-15.9,High,10,Dead,67,CFM,NA
1248,7.2,-15.9,High,10,B,67,CFM,NA
1249,7.2,-15.9,High,10,B,67,CFM,NA
1250,7.2,-15.9,High,10,C,67,CFM,NA
1251,7.2,-15.9,High,10,Dead,67,CFM,NA
1252,7.2,-15.4,High,10,B,60,CFM,NA
1253,7.2,-15.4,High,10,C,60,CFM,NA
1254,7.2,-15.4,High,10,C,60,CFM,NA
1255,7.2,-15.4,High,10,C,60,CFM,0.5
1256,7.2,-15.4,High,78,Dead,60,CFM,NA
1257,7.2,-15.4,High,78,Dead,60,CFM,NA
1258,7.2,-15.4,High,78,Dead,60,CFM,NA
1259,7.2,-15.4,High,78,Dead,60,CFM,NA
1260,7.2,-15.4,High,78,Dead,60,CFM,NA
1261,7.2,-15.4,High,78,Dead,60,CFM,NA
1262,7.2,-15.4,High,78,Dead,60,CFM,NA
1263,7.2,-15.4,High,78,Dead,60,CFM,NA
1264,7.2,-15.4,High,78,Dead,60,CFM,NA
1265,7.2,-15.4,High,78,Dead,60,CFM,NA
1266,7.2,-15.4,High,78,Dead,60,CFM,NA
1267,7.2,-15.4,High,78,Dead,60,CFM,NA
1268,7.2,-15.4,High,78,Dead,60,CFM,NA
1269,7.2,-15.4,High,78,Dead,60,CFM,NA
1270,7.2,-15.4,High,78,Dead,60,CFM,NA
1271,7.2,-15.4,High,78,Dead,60,CFM,NA
1272,7.2,-15.4,High,78,Dead,60,CFM,NA
1273,7.2,-15.4,High,78,Dead,60,CFM,NA
1274,7.2,-15.4,High,78,Dead,60,CFM,NA
1275,7.2,-15.4,High,78,Dead,60,CFM,NA
1276,7.2,-16.2,High,10,C,61,CFM,0.5
1277,7.2,-16.2,High,10,B,61,CFM,5
1278,7.2,-16.2,High,10,C,61,CFM,0.5
1279,7.2,-16.2,High,35,Dead,61,CFM,NA
1280,7.2,-16.2,High,35,Dead,61,CFM,NA
1281,7.2,-16.2,High,35,Dead,61,CFM,NA
1282,7.2,-16.2,High,35,Dead,61,CFM,NA
1283,7.2,-16.2,High,35,Dead,61,CFM,NA
1284,7.2,-16.2,High,35,Dead,61,CFM,NA
1285,7.2,-16.2,High,35,Dead,61,CFM,NA
1286,7.2,-16.2,High,35,Dead,61,CFM,NA
1287,7.2,-16.2,High,35,Dead,61,CFM,NA
1288,7.2,-16.2,High,35,Dead,61,CFM,NA
1289,7.2,-16.2,High,35,Dead,61,CFM,NA
1290,7.2,-16.2,High,35,Dead,61,CFM,NA
1291,7.2,-16.2,High,35,Dead,61,CFM,NA
1292,7.2,-16.2,High,35,Dead,61,CFM,NA
1293,7.2,-16.2,High,35,Dead,61,CFM,NA
1294,7.2,-16.2,High,35,Dead,61,CFM,NA
1295,7.2,-16.2,High,35,Dead,61,CFM,NA
1296,7.2,-16.2,High,35,Dead,61,CFM,NA
1297,7.2,-16.2,High,35,Dead,61,CFM,NA
1298,7.2,-16.2,High,35,Dead,61,CFM,NA
1299,7.2,-3,Medium_Low,18,B,70,CMS,NA
1300,7.2,-3,Medium_Low,18,Dead,70,CMS,NA
1301,7.2,-3,Medium_Low,18,Dead,70,CMS,NA
1302,7.2,-3,Medium_Low,18,Dead,70,CMS,NA
1303,7.2,-3,Medium_Low,18,Dead,70,CMS,NA
1304,7.2,-3,Medium_Low,18,Dead,70,CMS,NA
1305,7.2,-3,Medium_Low,20,Dead,75,CMS,NA
1306,7.2,-3,Medium_Low,20,Dead,75,CMS,NA
1307,7.2,-3,Medium_Low,20,Dead,75,CMS,NA
1308,7.2,-3,Medium_Low,10,C,75,CMS,NA
1309,7.2,-3,Medium_Low,10,B,75,CMS,NA
1310,7.2,-3,Medium_Low,69,Dead,68,CMS,NA
1311,7.2,-3,Medium_Low,69,Dead,68,CMS,NA
1312,7.2,-3,Medium_Low,69,Dead,68,CMS,NA
1313,7.2,-3.5,Medium_Low,60,Dead,70,CSM,NA
1314,7.2,-3.5,Medium_Low,60,Dead,70,CSM,NA
1315,7.2,-3.5,Medium_Low,60,Dead,70,CSM,NA
1316,7.2,-3,Medium_Low,40,Dead,84,CMS,NA
1317,7.2,-3,Medium_Low,40,Dead,84,CMS,NA
1318,7.2,-3,Medium_Low,40,Dead,84,CMS,NA
1319,7.2,-3,Medium_Low,40,Dead,84,CMS,NA
1320,7.2,-3,Medium_Low,40,Dead,84,CMS,NA
1321,7.2,-3,Medium_Low,40,Dead,84,CMS,NA
1322,7.2,-3,Medium_Low,40,Dead,84,CMS,NA
1323,7.2,-3,Medium_Low,10,A,75,CMS,NA
1324,7.2,-7,Medium_Low,10,B,49,CMS,0.5
1325,7.2,-7,Medium_Low,30,Dead,49,CMS,NA
1326,7.2,-7,Medium_Low,30,Dead,49,CMS,NA
1327,7.2,-7,Medium_Low,30,Dead,49,CMS,NA
1328,7.2,-5.5,Medium_Low,10,B,70,CMS,0.5
1329,7.2,-5.5,Medium_Low,10,B,70,CMS,NA
1330,7.2,-5,Medium_Low,10,C,65,CMS,0.5
1331,7.2,-5,Medium_Low,19,Dead,65,CMS,NA
1332,7.2,-5,Medium_Low,19,C,65,CMS,0.5
1333,7.2,-5,Medium_Low,19,Dead,65,CMS,NA
1334,7.2,-5,Medium_Low,19,Dead,65,CMS,NA
1335,6.4,-4,Medium_Low,10,A,100,CMS,0.5
1336,6.4,-4,Medium_Low,10,A,100,CMS,0.5
1337,6.4,-4,Medium_Low,35,C,100,CMS,0.5
1338,6.4,-4,Medium_Low,35,Dead,100,CMS,NA
1339,6.4,-4,Medium_Low,35,Dead,100,CMS,NA
1340,6.4,-4,Medium_Low,35,Dead,100,CMS,NA
1341,6.4,-4,Medium_Low,35,Dead,100,CMS,NA
1342,7.2,-1.3,High,10,A,60,CFM,5
1343,7.2,-1.3,High,10,A,60,CFM,1
1344,7.2,-1.3,High,10,A,60,CFM,4.5
1345,7.2,-1.3,High,10,A,60,CFM,1
1346,7.2,-1.3,High,10,A,60,CFM,5
1347,7.2,-1.3,High,41,Dead,60,CFM,NA
1348,7.2,-1.3,High,41,Dead,60,CFM,NA
1349,7.2,-1.3,High,41,Dead,60,CFM,NA
1350,7.2,-1.3,High,41,Dead,60,CFM,NA
1351,7.2,-1.3,High,41,C,60,CFM,5
1352,7.2,-1.3,High,41,Dead,60,CFM,NA
1353,7.2,-1.3,High,41,Dead,60,CFM,NA
1354,7.2,-1.3,High,41,Dead,60,CFM,NA
1355,7.2,-1.3,High,41,Dead,60,CFM,NA
1356,7.2,-1.3,High,41,Dead,60,CFM,NA
1357,7.2,-1.3,High,41,Dead,60,CFM,NA
1358,7.2,-1.3,High,41,Dead,60,CFM,NA
1359,7.2,-1.3,High,41,C,60,CFM,0.5
1360,7.2,-1.3,High,41,C,60,CFM,0.5
1361,7.2,-1.3,High,41,Dead,60,CFM,NA
1362,7.2,-1.3,High,41,C,60,CFM,NA
1363,7.2,-2,Medium_Low,10,A,61,CFM,4.5
1364,7.2,-2,Medium_Low,10,A,61,CFM,NA
1365,7.2,-2,Medium_Low,10,A,61,CFM,1
1366,7.2,-2,Medium_Low,10,B,61,CFM,5
1367,7.2,-2,Medium_Low,60,Dead,61,CFM,NA
1368,7.2,-2,Medium_Low,60,Dead,61,CFM,NA
1369,7.2,-2,Medium_Low,60,Dead,61,CFM,NA
1370,7.2,-2,Medium_Low,60,Dead,61,CFM,NA
1371,7.2,-2,Medium_Low,60,Dead,61,CFM,NA
1372,7.2,-2,Medium_Low,60,C,61,CFM,0.5
1373,7.2,-2,Medium_Low,60,Dead,61,CFM,NA
1374,7.2,-2,Medium_Low,60,Dead,61,CFM,NA
1375,7.2,-2,Medium_Low,60,Dead,61,CFM,NA
1376,7.2,-2,Medium_Low,60,Dead,61,CFM,NA
1377,7.2,-2,Medium_Low,60,Dead,61,CFM,NA
1378,7.2,-2,Medium_Low,60,Dead,61,CFM,NA
1379,7.2,-2,Medium_Low,60,Dead,61,CFM,NA
1380,7.2,-2,Medium_Low,60,Dead,61,CFM,NA
1381,7.2,-2,Medium_Low,60,Dead,61,CFM,NA
1382,7.2,-2,Medium_Low,60,C,61,CFM,NA
1383,7.2,-2,Medium_Low,60,C,61,CFM,NA
1384,7.2,-2,Medium_Low,60,C,61,CFM,NA
1385,7.2,-2,Medium_Low,60,C,61,CFM,NA
1386,7.2,-2,Medium_Low,60,C,61,CFM,NA
1387,7.2,-2,Medium_Low,60,C,61,CFM,NA
1388,7.2,-2,Medium_Low,60,Dead,61,CFM,NA
1389,7.2,-2,Medium_Low,60,Dead,61,CFM,NA
1390,7.2,-2,Medium_Low,60,Dead,61,CFM,NA
1391,7.2,-2,Medium_Low,60,Dead,61,CFM,NA
1392,7.2,-2,Medium_Low,60,Dead,61,CFM,NA
1393,7.2,-2,Medium_Low,60,Dead,61,CFM,NA
1394,7.2,-2,Medium_Low,60,Dead,61,CFM,NA
1395,7.2,-2,Medium_Low,60,Dead,61,CFM,NA
1396,7.2,-2,Medium_Low,60,Dead,61,CFM,NA
1397,7.2,-2,Medium_Low,60,Dead,61,CFM,NA
1398,7.2,-3.5,Medium_Low,10,B,68,CFM,1
1399,7.2,-3.5,Medium_Low,10,C,68,CFM,NA
1400,7.2,-3.5,Medium_Low,10,C,68,CFM,0.5
1401,7.2,-3.5,Medium_Low,10,B,68,CFM,NA
1402,7.2,-3.5,Medium_Low,55,Dead,68,CFM,NA
1403,7.2,-3.5,Medium_Low,55,Dead,68,CFM,NA
1404,7.2,-3.5,Medium_Low,55,Dead,68,CFM,NA
1405,7.2,-3.5,Medium_Low,55,Dead,68,CFM,NA
1406,7.2,-3.5,Medium_Low,55,Dead,68,CFM,NA
1407,7.2,-3.5,Medium_Low,55,Dead,68,CFM,NA
1408,7.2,-3.5,Medium_Low,55,Dead,68,CFM,NA
1409,7.2,-3.5,Medium_Low,55,Dead,68,CFM,NA
1410,7.2,-3.5,Medium_Low,55,Dead,68,CFM,NA
1411,7.2,-3.5,Medium_Low,55,Dead,68,CFM,NA
1412,7.2,-3.5,Medium_Low,55,Dead,68,CFM,NA
1413,7.2,-3.5,Medium_Low,55,Dead,68,CFM,NA
1414,7.2,-3.5,Medium_Low,55,C,68,CFM,NA
1415,7.2,-3.5,Medium_Low,55,Dead,68,CFM,NA
1416,7.2,-3.5,Medium_Low,55,Dead,68,CFM,NA
1417,7.2,-3.5,Medium_Low,55,Dead,68,CFM,NA
1418,7.2,-3.5,Medium_Low,55,Dead,68,CFM,NA
1419,7.2,-3.5,Medium_Low,55,Dead,68,CFM,NA
1420,7.2,-3.5,Medium_Low,55,C,68,CFM,NA
1421,7.2,-3.5,Medium_Low,55,Dead,68,CFM,NA
1422,7.2,-3.5,Medium_Low,55,C,68,CFM,NA
1423,7.2,-3,High,10,B,65,CFM,1.5
1424,7.2,-3,High,10,B,65,CFM,5
1425,7.2,-3,High,10,A,65,CFM,1
1426,7.2,-3,High,67,Dead,65,CFM,NA
1427,7.2,-3,High,67,Dead,65,CFM,NA
1428,7.2,-3,High,67,Dead,65,CFM,NA
1429,7.2,-3,High,67,Dead,65,CFM,NA
1430,7.2,-3,High,67,Dead,65,CFM,NA
1431,7.2,-3,High,67,Dead,65,CFM,NA
1432,7.2,-3,High,67,Dead,65,CFM,NA
1433,7.2,-3,High,67,Dead,65,CFM,NA
1434,7.2,-3,High,67,Dead,65,CFM,NA
1435,7.2,-3,High,67,Dead,65,CFM,NA
1436,7.2,-3,High,67,Dead,65,CFM,NA
1437,7.2,-3,High,67,Dead,65,CFM,NA
1438,7.2,-3,High,67,Dead,65,CFM,NA
1439,7.2,-3,High,67,Dead,65,CFM,NA
1440,7.2,-3,High,67,Dead,65,CFM,NA
1441,7.2,-3,High,67,Dead,65,CFM,NA
1442,7.2,-3,High,67,Dead,65,CFM,NA
1443,7.2,-3,High,67,Dead,65,CFM,NA
1444,7.2,-3,High,67,Dead,65,CFM,NA
1445,7.2,-3,High,67,Dead,65,CFM,NA
1446,6.1,5.8,Low,20,C,66,CFM,5
1447,6.1,5.8,Low,20,B,66,CFM,5
1448,6.1,5.8,Low,20,A,66,CFM,5
1449,6.1,5.8,Low,20,C,66,CFM,NA
1450,6.1,5.8,Low,20,B,66,CFM,NA
1451,6.1,5.8,Low,20,A,66,CFM,NA
1452,6.1,5.8,Low,20,B,66,CFM,NA
1453,6.1,5.8,Low,20,A,66,CFM,NA
1454,6.1,5.8,Low,20,B,66,CFM,NA
1455,6.1,5.8,Low,20,C,66,CFM,NA
1456,6.1,5.8,Low,20,C,66,CFM,NA
1457,6.1,5.8,Low,20,B,66,CFM,NA
1458,6.1,5.8,Low,20,B,66,CFM,NA
1459,6.1,5.8,Low,20,C,66,CFM,NA
1460,6.1,5.8,Low,20,Dead,66,CFM,NA
1461,6.1,5.8,Low,20,C,66,CFM,NA
1462,6.1,5.8,Low,20,B,66,CFM,NA
1463,6.1,5.8,Low,20,C,66,CFM,NA
1464,6.1,5.8,Low,20,Dead,66,CFM,NA
1465,6.1,5.8,Low,20,Dead,66,CFM,NA
1466,6.1,5.8,Low,20,Dead,66,CFM,NA
1467,6.1,5.8,Low,20,Dead,66,CFM,NA
1468,6.1,5.8,Low,20,Dead,66,CFM,NA
1469,6.1,5.8,Low,20,Dead,66,CFM,NA
1470,6.1,5.8,Low,20,Dead,66,CFM,NA
1471,6.1,5.8,Low,20,Dead,66,CFM,NA
1472,5.9,7.1,Low,15,C,53,CFM,1
1473,5.9,7.1,Low,15,B,53,CFM,5
1474,5.9,7.1,Low,15,B,53,CFM,5
1475,5.9,7.1,Low,15,C,53,CFM,NA
1476,5.9,7.1,Low,15,B,53,CFM,NA
1477,5.9,7.1,Low,15,Dead,53,CFM,NA
1478,5.9,7.1,Low,15,C,53,CFM,NA
1479,5.9,7.1,Low,15,Dead,53,CFM,NA
1480,5.9,7.1,Low,15,C,53,CFM,NA
1481,5.9,7.1,Low,15,C,53,CFM,NA
1482,5.9,7.1,Low,15,C,53,CFM,NA
1483,5.9,7.1,Low,15,B,53,CFM,NA
1484,5.9,7.1,Low,15,C,53,CFM,5
1485,5.9,7.1,Low,15,B,53,CFM,1
1486,5.9,7.1,Low,15,B,53,CFM,5
1487,5.9,7.1,Low,15,C,53,CFM,NA
1488,5.9,7.1,Low,15,Dead,53,CFM,NA
1489,5.9,7.1,Low,15,C,53,CFM,NA
1490,5.9,7.1,Low,15,C,53,CFM,NA
1491,5.9,7.1,Low,15,C,53,CFM,NA
1492,5.9,7.1,Low,15,B,53,CFM,NA
1493,5.9,7.1,Low,15,B,53,CFM,NA
1494,5.9,7.1,Low,15,C,53,CFM,NA
1495,6.3,7.7,Low,13,B,49,CSM,1
1496,6.3,7.7,Low,13,B,49,CSM,5
1497,6.3,7.7,Low,13,B,49,CSM,5
1498,6.3,7.7,Low,13,B,49,CSM,NA
1499,6.3,7.7,Low,13,C,49,CSM,NA
1500,6.3,7.7,Low,13,C,49,CSM,NA
1501,6.3,7.7,Low,13,B,49,CSM,NA
1502,6.3,7.7,Low,13,Dead,49,CSM,NA
1503,6.3,7.7,Low,13,C,49,CSM,NA
1504,6.3,7.7,Low,13,C,49,CSM,NA
1505,6.3,7.7,Low,13,C,49,CSM,NA
1506,6.3,7.7,Low,13,B,49,CSM,NA
1507,6.3,7.7,Low,13,Dead,49,CSM,NA
1508,6.3,7.7,Low,13,B,49,CSM,5
1509,6.3,7.7,Low,13,B,49,CSM,2.5
1510,6.3,7.7,Low,13,C,49,CSM,NA
1511,6.3,7.7,Low,13,Dead,49,CSM,NA
1512,6.3,7.7,Low,13,B,49,CSM,NA
1513,6.3,7.7,Low,13,C,49,CSM,NA
1514,6.3,7.7,Low,13,Dead,49,CSM,NA
1515,6.3,7.7,Low,13,C,49,CSM,NA
1516,5.7,7.9,Low,18,B,57,CFM,5
1517,5.7,7.9,Low,18,C,57,CFM,1
1518,5.7,7.9,Low,18,B,57,CFM,5
1519,5.7,7.9,Low,18,C,57,CFM,NA
1520,5.7,7.9,Low,18,Dead,57,CFM,NA
1521,5.7,7.9,Low,18,Dead,57,CFM,NA
1522,5.7,7.9,Low,18,C,57,CFM,NA
1523,5.7,7.9,Low,18,C,57,CFM,NA
1524,5.7,7.9,Low,18,Dead,57,CFM,NA
1525,5.7,7.9,Low,18,B,57,CFM,NA
1526,5.7,7.9,Low,18,C,57,CFM,NA
1527,5.7,7.9,Low,18,C,57,CFM,NA
1528,5.7,7.9,Low,18,C,57,CFM,NA
1529,5.7,7.9,Low,18,A,57,CFM,NA
1530,5.7,7.9,Low,18,C,57,CFM,4
1531,5.7,7.9,Low,18,C,57,CFM,NA
1532,5.7,7.9,Low,18,Dead,57,CFM,NA
1533,5.7,7.9,Low,18,B,57,CFM,NA
1534,5.7,7.9,Low,18,C,57,CFM,NA
1535,5.7,7.9,Low,18,C,57,CFM,NA
1536,5.7,7.9,Low,18,Dead,57,CFM,NA
1537,5.7,7.9,Low,18,B,57,CFM,NA
1538,5.7,7.9,Low,18,C,57,CFM,NA
1539,5.7,7.9,Low,18,C,57,CFM,NA
1540,6.3,8.2,Low,23,A,68,CFM,5
1541,6.3,8.2,Low,23,A,68,CFM,5
1542,6.3,8.2,Low,23,A,68,CFM,5
1543,6.3,8.2,Low,23,B,68,CFM,5
1544,6.3,8.2,Low,23,B,68,CFM,NA
1545,6.3,8.2,Low,23,B,68,CFM,NA
1546,6.3,8.2,Low,23,C,68,CFM,NA
1547,6.3,8.2,Low,23,B,68,CFM,NA
1548,6.3,8.2,Low,23,Dead,68,CFM,NA
1549,6.3,8.2,Low,23,C,68,CFM,NA
1550,6.3,8.2,Low,23,C,68,CFM,NA
1551,6.3,8.2,Low,23,C,68,CFM,NA
1552,6.3,8.2,Low,23,B,68,CFM,NA
1553,6.3,8.2,Low,23,C,68,CFM,NA
1554,6.3,8.2,Low,23,Dead,68,CFM,NA
1555,6.3,8.2,Low,23,B,68,CFM,NA
1556,6.3,8.2,Low,23,A,68,CFM,5
1557,6.3,8.2,Low,23,B,68,CFM,0.5
1558,6.3,8.2,Low,23,B,68,CFM,NA
1559,6.3,8.2,Low,23,B,68,CFM,NA
1560,6.3,8.2,Low,23,C,68,CFM,NA
1561,6.3,8.2,Low,23,B,68,CFM,NA
1562,6.3,8.2,Low,23,C,68,CFM,NA
1563,6.3,8.2,Low,23,C,68,CFM,NA
1564,6.3,8.2,Low,23,Dead,68,CFM,NA
1565,6.3,8.2,Low,23,C,68,CFM,NA
1566,6.3,8.2,Low,23,B,68,CFM,NA
1567,6.3,8.2,Low,23,Dead,68,CFM,NA
1568,6.3,8.2,Low,23,C,68,CFM,NA
1569,5.6,6.5,Low,20,A,65,CFM,5
1570,5.6,6.5,Low,20,B,65,CFM,1
1571,5.6,6.5,Low,20,B,65,CFM,5
1572,5.6,6.5,Low,20,C,65,CFM,NA
1573,5.6,6.5,Low,20,B,65,CFM,NA
1574,5.6,6.5,Low,20,A,65,CFM,NA
1575,5.6,6.5,Low,20,B,65,CFM,NA
1576,5.6,6.5,Low,20,Dead,65,CFM,NA
1577,5.6,6.5,Low,20,Dead,65,CFM,NA
1578,5.6,6.5,Low,20,B,65,CFM,NA
1579,5.6,6.5,Low,20,Dead,65,CFM,NA
1580,5.6,6.5,Low,20,C,65,CFM,NA
1581,5.6,6.5,Low,20,B,65,CFM,NA
1582,5.6,6.5,Low,20,C,65,CFM,NA
1583,5.6,6.5,Low,20,C,65,CFM,3
1584,5.6,6.5,Low,20,B,65,CFM,0.5
1585,5.6,6.5,Low,20,C,65,CFM,NA
1586,5.6,6.5,Low,20,B,65,CFM,NA
1587,5.6,6.5,Low,20,C,65,CFM,NA
1588,5.6,6.5,Low,20,B,65,CFM,NA
1589,5.6,6.5,Low,20,C,65,CFM,NA
1590,5.6,6.5,Low,20,C,65,CFM,NA
1591,5.6,6.5,Low,20,B,65,CFM,NA
1592,5.6,6.5,Low,20,C,65,CFM,NA
1593,5.6,6.5,Low,20,Dead,65,CFM,NA
1594,5.6,6.5,Low,20,B,65,CFM,NA
1595,5.6,6.5,Low,20,Dead,65,CFM,NA
1596,5.6,6.5,Low,20,Dead,65,CFM,NA
1597,5.6,4.8,Low,14,A,65,CFM,5
1598,5.6,4.8,Low,14,B,65,CFM,2
1599,5.6,4.8,Low,14,C,65,CFM,NA
1600,5.6,4.8,Low,14,Dead,65,CFM,NA
1601,5.6,4.8,Low,14,C,65,CFM,NA
1602,5.6,4.8,Low,14,C,65,CFM,NA
1603,5.6,4.8,Low,14,Dead,65,CFM,NA
1604,5.6,4.8,Low,14,Dead,65,CFM,NA
1605,5.6,4.8,Low,14,B,65,CFM,NA
1606,5.6,4.8,Low,14,C,65,CFM,NA
1607,5.6,4.8,Low,14,Dead,65,CFM,NA
1608,5.6,4.8,Low,14,C,65,CFM,NA
1609,5.6,4.8,Low,14,C,65,CFM,NA
1610,5.6,4.8,Low,14,B,65,CFM,1
1611,5.6,4.8,Low,14,C,65,CFM,NA
1612,5.6,4.8,Low,14,C,65,CFM,NA
1613,5.6,4.8,Low,14,C,65,CFM,NA
1614,5.6,4.8,Low,14,Dead,65,CFM,NA
1615,5.6,4.8,Low,14,C,65,CFM,NA
1616,5.6,4.8,Low,14,Dead,65,CFM,NA
1617,5.6,4.8,Low,14,B,65,CFM,NA
1618,5.6,4.8,Low,14,C,65,CFM,NA
1619,5.6,4.8,Low,14,Dead,65,CFM,NA
1620,5.6,4.8,Low,14,A,65,CFM,NA
1621,6.1,3.4,Low,11,B,58,CFM,3
1622,6.1,3.4,Low,11,B,58,CFM,5
1623,6.1,3.4,Low,11,Dead,58,CFM,NA
1624,6.1,3.4,Low,11,C,58,CFM,NA
1625,6.1,3.4,Low,11,C,58,CFM,NA
1626,6.1,3.4,Low,11,C,58,CFM,NA
1627,6.1,3.4,Low,11,B,58,CFM,NA
1628,6.1,3.4,Low,11,C,58,CFM,NA
1629,6.1,3.4,Low,11,Dead,58,CFM,NA
1630,6.1,3.4,Low,11,C,58,CFM,NA
1631,6.1,3.4,Low,11,C,58,CFM,NA
1632,6.1,3.4,Low,11,B,58,CFM,NA
1633,6.1,3.4,Low,11,B,58,CFM,5
1634,6.1,3.4,Low,11,C,58,CFM,NA
1635,6.1,3.4,Low,11,B,58,CFM,NA
1636,6.1,3.4,Low,11,B,58,CFM,NA
1637,6.1,3.4,Low,11,C,58,CFM,NA
1638,6.1,3.4,Low,11,Dead,58,CFM,NA
1639,6.1,3.4,Low,11,B,58,CFM,NA
1640,6.1,3.4,Low,11,B,58,CFM,NA
1641,6.1,3.4,Low,11,C,58,CFM,NA
1642,6.1,3.4,Low,11,B,58,CFM,NA
1643,6.1,3.4,Low,11,B,58,CFM,NA
1644,6.1,3.4,Low,11,B,58,CFM,NA
1645,6.1,1.3,Low,14,B,68,CFM,5
1646,6.1,1.3,Low,14,B,68,CFM,NA
1647,6.1,1.3,Low,14,Dead,68,CFM,NA
1648,6.1,1.3,Low,14,C,68,CFM,NA
1649,6.1,1.3,Low,14,B,68,CFM,NA
1650,6.1,1.3,Low,14,Dead,68,CFM,NA
1651,6.1,1.3,Low,14,C,68,CFM,NA
1652,6.1,1.3,Low,14,B,68,CFM,NA
1653,6.1,1.3,Low,14,B,68,CFM,NA
1654,6.1,1.3,Low,14,B,68,CFM,NA
1655,6.1,1.3,Low,14,C,68,CFM,NA
1656,6.1,1.3,Low,14,B,68,CFM,NA
1657,6.1,1.3,Low,14,Dead,68,CFM,NA
1658,6.1,1.3,Low,14,Dead,68,CFM,NA
1659,6.1,1.3,Low,14,A,68,CFM,5
1660,6.1,1.3,Low,14,B,68,CFM,NA
1661,6.1,1.3,Low,14,B,68,CFM,NA
1662,6.1,1.3,Low,14,B,68,CFM,NA
1663,6.1,1.3,Low,14,B,68,CFM,NA
1664,6.1,1.3,Low,14,B,68,CFM,NA
1665,6.1,1.3,Low,14,C,68,CFM,NA
1666,6.1,1.3,Low,14,B,68,CFM,NA
1667,6.1,1.3,Low,14,C,68,CFM,NA
1668,6.1,1.3,Low,14,C,68,CFM,NA
1669,6.1,1.3,Low,14,Dead,68,CFM,NA
1670,6.1,1.3,Low,14,C,68,CFM,NA
1671,6.1,1.3,Low,14,A,68,CFM,NA
1672,6.1,1.3,Low,14,Dead,68,CFM,NA
1673,6.1,1.3,Low,14,B,68,CFM,NA
1674,6,0.275524476,Low,30,Dead,68,CFM,NA
1675,6,0.275524476,Low,30,C,68,CFM,0.5
1676,6,0.275524476,Low,30,A,68,CFM,0.5
1677,6,0.275524476,Low,30,A,68,CFM,5
1678,6,0.275524476,Low,30,Dead,68,CFM,NA
1679,6,0.275524476,Low,30,C,68,CFM,NA
1680,6,0.275524476,Low,30,B,68,CFM,0.5
1681,6,0.275524476,Low,30,A,68,CFM,5
1682,6,0.275524476,Low,30,Dead,68,CFM,NA
1683,6,0.275524476,Low,30,Dead,68,CFM,NA
1684,6,0.275524476,Low,30,C,68,CFM,NA
1685,6,0.275524476,Low,30,A,68,CFM,NA
1686,6,0.275524476,Low,30,Dead,68,CFM,NA
1687,6,0.275524476,Low,30,C,68,CFM,NA
1688,6,0.039032258,Low,22,Dead,74,CFM,NA
1689,6,0.039032258,Low,22,A,74,CFM,5
1690,6,0.039032258,Low,22,A,74,CFM,0.5
1691,6,0.039032258,Low,22,B,74,CFM,0.5
1692,6,0.039032258,Low,22,C,74,CFM,NA
1693,6,0.039032258,Low,22,C,74,CFM,NA
1694,6,0.039032258,Low,22,Dead,74,CFM,NA
1695,6,0.039032258,Low,22,Dead,74,CFM,NA
1696,6,0.039032258,Low,22,C,74,CFM,NA
1697,6.2,1.057313433,Low,30,B,64,CFM,0.5
1698,6.2,1.057313433,Low,30,B,64,CFM,0.5
1699,6.2,1.057313433,Low,30,B,64,CFM,0.5
1700,6.2,1.057313433,Low,30,A,64,CFM,0.5
1701,6.2,1.057313433,Low,30,B,64,CFM,NA
1702,6.2,1.057313433,Low,30,C,64,CFM,NA
1703,6.2,1.057313433,Low,30,C,64,CFM,NA
1704,6.2,1.057313433,Low,30,C,64,CFM,NA
1705,6.2,1.057313433,Low,30,C,64,CFM,NA
1706,6.2,1.057313433,Low,30,C,64,CFM,NA
1707,6.2,1.057313433,Low,30,Dead,64,CFM,NA
1708,6.2,1.057313433,Low,30,Dead,64,CFM,NA
1709,6.2,1.057313433,Low,30,B,64,CFM,NA
1710,6.2,1.057313433,Low,30,Dead,64,CFM,NA
1711,6.2,1.057313433,Low,30,Dead,64,CFM,NA
1712,6.2,1.057313433,Low,30,C,64,CFM,NA
1713,6.2,0.190714286,Low,32,A,74,CFM,NA
1714,6.2,0.190714286,Low,32,A,74,CFM,5
1715,6.2,0.190714286,Low,32,C,74,CFM,NA
1716,6.2,0.190714286,Low,32,A,74,CFM,NA
1717,6.2,0.190714286,Low,32,Dead,74,CFM,NA
1718,6.2,0.190714286,Low,32,Dead,74,CFM,NA
1719,6.2,0.190714286,Low,32,A,74,CFM,5
1720,6.2,0.190714286,Low,32,Dead,74,CFM,NA
1721,6.2,0.190714286,Low,32,C,74,CFM,1
1722,6.2,0.190714286,Low,32,C,74,CFM,NA
1723,6.2,0.190714286,Low,32,Dead,74,CFM,NA
1724,6.2,0.190714286,Low,32,Dead,74,CFM,NA
1725,6.2,0.226640625,Low,27,A,62,CFM,0.5
1726,6.2,0.226640625,Low,27,A,62,CFM,NA
1727,6.2,0.226640625,Low,27,A,62,CFM,5
1728,6.2,0.226640625,Low,27,A,62,CFM,5
1729,6.2,0.226640625,Low,27,B,62,CFM,NA
1730,6.2,0.226640625,Low,27,C,62,CFM,NA
1731,6.2,0.226640625,Low,27,A,62,CFM,5
1732,6.2,0.226640625,Low,27,B,62,CFM,NA
1733,6.2,0.226640625,Low,27,B,62,CFM,NA
1734,6.2,0.226640625,Low,27,A,62,CFM,NA
1735,5.8,-0.913454545,Low,27,C,53,CSM,0.5
1736,5.8,-0.913454545,Low,27,B,53,CSM,5
1737,5.8,-0.913454545,Low,27,B,53,CSM,5
1738,5.8,-0.913454545,Low,27,B,53,CSM,5
1739,5.8,-0.913454545,Low,27,A,53,CSM,NA
1740,5.8,-0.913454545,Low,27,A,53,CSM,NA
1741,5.8,-0.913454545,Low,27,A,53,CSM,NA
1742,5.8,-0.913454545,Low,27,B,53,CSM,1.5
1743,5.8,-0.913454545,Low,27,Dead,53,CSM,NA
1744,5.8,-0.913454545,Low,27,C,53,CSM,NA
1745,5.8,-0.913454545,Low,27,Dead,53,CSM,NA
1746,5.8,-0.913454545,Low,27,B,53,CSM,0.5
1747,5.8,-0.913454545,Low,27,Dead,53,CSM,NA
1748,6,-1.640458716,Low,25,B,51,CFM,NA
1749,6,-1.640458716,Low,25,B,51,CFM,NA
1750,6,-1.640458716,Low,25,B,51,CFM,NA
1751,6,-1.640458716,Low,25,B,51,CFM,NA
1752,6,-1.640458716,Low,25,A,51,CFM,NA
1753,6,-1.640458716,Low,25,B,51,CFM,NA
1754,6,-1.640458716,Low,25,Dead,51,CFM,NA
1755,6,-1.640458716,Low,25,B,51,CFM,NA
1756,6,-1.640458716,Low,25,A,51,CFM,NA
1757,6.2,-0.858403361,Low,21,A,57,CFM,0.5
1758,6.2,-0.858403361,Low,21,A,57,CFM,5
1759,6.2,-0.858403361,Low,21,A,57,CFM,5
1760,6.2,-0.858403361,Low,21,A,57,CFM,0.5
1761,6.2,-0.858403361,Low,21,Dead,57,CFM,NA
1762,6.2,-0.858403361,Low,21,C,57,CFM,NA
1763,6.2,-0.858403361,Low,21,Dead,57,CFM,NA
1764,6.2,-0.858403361,Low,21,C,57,CFM,NA
1765,6.2,-0.198409091,Low,20,A,63,CFM,NA
1766,6.2,-0.198409091,Low,20,A,63,CFM,5
1767,6.2,-0.198409091,Low,20,Dead,63,CFM,NA
1768,6.2,-0.198409091,Low,20,Dead,63,CFM,NA
1769,6.2,-0.198409091,Low,20,A,63,CFM,NA
1770,6.2,-0.198409091,Low,20,Dead,63,CFM,NA
1771,6.2,-0.198409091,Low,20,C,63,CFM,NA
1772,6.1,-12.30352941,Low,28,C,66,CFM,NA
1773,6.1,-12.30352941,Low,28,Dead,66,CFM,NA
1774,6.1,-12.30352941,Low,28,A,66,CFM,4
1775,6.1,-12.30352941,Low,28,Dead,66,CFM,NA
1776,6.1,-12.30352941,Low,28,Dead,66,CFM,NA
1777,6.1,-12.30352941,Low,28,A,66,CFM,5
1778,6.1,-12.30352941,Low,28,A,66,CFM,NA
1779,6.1,-12.30352941,Low,28,Dead,66,CFM,NA
1780,6.1,-12.30352941,Low,28,Dead,66,CFM,NA
1781,6.1,-12.30352941,Low,28,Dead,66,CFM,NA
1782,6.2,-12.09769912,Low,25,A,54,CFM,5
1783,6.2,-12.09769912,Low,25,A,54,CFM,NA
1784,6.2,-12.09769912,Low,25,B,54,CFM,5
1785,6.2,-12.09769912,Low,25,A,54,CFM,5
1786,6.2,-12.09769912,Low,25,Dead,54,CFM,NA
1787,6.2,-12.09769912,Low,25,C,54,CFM,NA
1788,6.2,-12.09769912,Low,25,B,54,CFM,NA
1789,6.2,-12.09769912,Low,25,Dead,54,CFM,NA
1790,6.2,-12.09769912,Low,25,B,54,CFM,NA
1791,6.2,-12.09769912,Low,25,Dead,54,CFM,NA
1792,6.2,-12.09769912,Low,25,Dead,54,CFM,NA
1793,6.2,-12.09769912,Low,25,Dead,54,CFM,NA
1794,6.2,-12.09769912,Low,25,Dead,54,CFM,NA
1795,6.2,-12.09769912,Low,25,Dead,54,CFM,NA
1796,6.2,-12.09769912,Low,25,Dead,54,CFM,NA
1797,6.2,-12.09769912,Low,25,Dead,54,CFM,NA
1798,6.3,-12.21495652,Low,25,C,55,CSM,NA
1799,6.3,-12.21495652,Low,25,C,55,CSM,NA
1800,6.3,-12.21495652,Low,25,C,55,CSM,NA
1801,6.3,-12.21495652,Low,25,B,55,CSM,NA
1802,6.3,-12.21495652,Low,25,C,55,CSM,NA
1803,6.3,-12.21495652,Low,25,Dead,55,CSM,NA
1804,6.3,-12.21495652,Low,25,Dead,55,CSM,NA
1805,6.3,-12.21495652,Low,25,Dead,55,CSM,NA
1806,6.3,-12.21495652,Low,25,Dead,55,CSM,NA
1807,6.3,-12.21495652,Low,25,Dead,55,CSM,NA
1808,6.3,-12.21495652,Low,25,Dead,55,CSM,NA
1809,6.1,-11.16408333,Low,28,C,58,CFM,NA
1810,6.1,-11.16408333,Low,28,B,58,CFM,NA
1811,6.1,-11.16408333,Low,28,Dead,58,CFM,NA
1812,6.1,-11.16408333,Low,28,Dead,58,CFM,NA
1813,6.1,-11.16408333,Low,28,Dead,58,CFM,NA
1814,6.1,-11.16408333,Low,28,Dead,58,CFM,NA
1815,6.1,-11.16408333,Low,28,Dead,58,CFM,NA
1816,6.1,-11.16408333,Low,28,Dead,58,CFM,NA
1817,6.1,-11.16408333,Low,28,Dead,58,CFM,NA
1818,6.1,-11.16408333,Low,28,Dead,58,CFM,NA
1819,6.1,-11.16408333,Low,28,Dead,58,CFM,NA
1820,6.1,-11.16408333,Low,28,Dead,58,CFM,NA
1821,6.1,-11.16408333,Low,28,Dead,58,CFM,NA
1822,6.1,-11.16408333,Low,28,Dead,58,CFM,NA
1823,6.1,-11.16408333,Low,28,Dead,58,CFM,NA
1824,6.1,-11.16408333,Low,28,C,58,CFM,0.5
1825,6.1,-11.16408333,Low,28,Dead,58,CFM,NA
1826,6.1,-11.16408333,Low,28,Dead,58,CFM,NA
1827,5.8,-11.20680328,Low,24,Dead,59,CFM,NA
1828,5.8,-11.20680328,Low,24,C,59,CFM,NA
1829,5.8,-11.20680328,Low,24,C,59,CFM,NA
1830,5.8,-11.20680328,Low,24,B,59,CFM,NA
1831,5.8,-11.20680328,Low,24,B,59,CFM,5
1832,5.8,-11.20680328,Low,24,C,59,CFM,NA
1833,5.8,-11.20680328,Low,24,Dead,59,CFM,NA
1834,5.8,-11.20680328,Low,24,Dead,59,CFM,NA
1835,5.8,-11.20680328,Low,24,A,59,CFM,0.5
1836,5.8,-11.20680328,Low,24,A,59,CFM,3.5
1837,5.8,-11.20680328,Low,24,Dead,59,CFM,NA
1838,5.8,-11.20680328,Low,24,Dead,59,CFM,NA
1839,5.8,-11.20680328,Low,24,Dead,59,CFM,NA
1840,5.8,-11.20680328,Low,24,Dead,59,CFM,NA
1841,5.6,-10.96452991,Low,24,Dead,56,CFM,NA
1842,5.6,-10.96452991,Low,24,B,56,CFM,0.5
1843,5.6,-10.96452991,Low,24,Dead,56,CFM,NA
1844,5.6,-10.96452991,Low,24,A,56,CFM,3.5
1845,5.6,-10.96452991,Low,24,Dead,56,CFM,NA
1846,5.6,-10.96452991,Low,24,Dead,56,CFM,NA
1847,5.6,-10.96452991,Low,24,Dead,56,CFM,NA
1848,5.6,-10.96452991,Low,24,Dead,56,CFM,NA
1849,5.6,-10.96452991,Low,24,Dead,56,CFM,NA
1850,5.7,-11.56083916,Low,25,Dead,69,CFM,NA
1851,5.7,-11.56083916,Low,25,Dead,69,CFM,NA
1852,5.7,-11.56083916,Low,25,C,69,CFM,NA
1853,6.1,-10.89320313,Low,25,Dead,63,CFM,NA
1854,6.1,-10.89320313,Low,25,Dead,63,CFM,NA
1855,6.1,-10.89320313,Low,25,C,63,CFM,NA
1856,6.1,-10.89320313,Low,25,Dead,63,CFM,NA
1857,6.1,-10.89320313,Low,25,Dead,63,CFM,NA
1858,6.1,-10.89320313,Low,25,Dead,63,CFM,NA
1859,6.1,-10.89320313,Low,25,Dead,63,CFM,NA
1860,6.1,-10.89320313,Low,25,Dead,63,CFM,NA
1861,6.1,-10.89320313,Low,25,Dead,63,CFM,NA
1862,5.6,-10.82840278,Low,18,Dead,69,CFM,NA
1863,5.6,-10.82840278,Low,18,Dead,69,CFM,NA
1864,5.6,-10.82840278,Low,18,Dead,69,CFM,NA
1865,5.6,-10.82840278,Low,18,C,69,CFM,0.5
1866,5.6,-10.82840278,Low,18,Dead,69,CFM,NA
1867,5.6,-10.82840278,Low,18,Dead,69,CFM,NA
